--
-- PostgreSQL database dump
--

\restrict ba8EgdX4QVV894JButjETSsgjFiLh8V0cGWvqwVsr2xXLmfpwuhVVR2or1L3OB1

-- Dumped from database version 15.15
-- Dumped by pg_dump version 15.15

SET statement_timeout = 0;
SET lock_timeout = 0;
SET idle_in_transaction_session_timeout = 0;
SET client_encoding = 'UTF8';
SET standard_conforming_strings = on;
SELECT pg_catalog.set_config('search_path', '', false);
SET check_function_bodies = false;
SET xmloption = content;
SET client_min_messages = warning;
SET row_security = off;

SET default_tablespace = '';

SET default_table_access_method = heap;

--
-- Name: auth_group; Type: TABLE; Schema: public; Owner: spmo_admin
--

CREATE TABLE public.auth_group (
    id integer NOT NULL,
    name character varying(150) NOT NULL
);


ALTER TABLE public.auth_group OWNER TO spmo_admin;

--
-- Name: auth_group_id_seq; Type: SEQUENCE; Schema: public; Owner: spmo_admin
--

ALTER TABLE public.auth_group ALTER COLUMN id ADD GENERATED BY DEFAULT AS IDENTITY (
    SEQUENCE NAME public.auth_group_id_seq
    START WITH 1
    INCREMENT BY 1
    NO MINVALUE
    NO MAXVALUE
    CACHE 1
);


--
-- Name: auth_group_permissions; Type: TABLE; Schema: public; Owner: spmo_admin
--

CREATE TABLE public.auth_group_permissions (
    id bigint NOT NULL,
    group_id integer NOT NULL,
    permission_id integer NOT NULL
);


ALTER TABLE public.auth_group_permissions OWNER TO spmo_admin;

--
-- Name: auth_group_permissions_id_seq; Type: SEQUENCE; Schema: public; Owner: spmo_admin
--

ALTER TABLE public.auth_group_permissions ALTER COLUMN id ADD GENERATED BY DEFAULT AS IDENTITY (
    SEQUENCE NAME public.auth_group_permissions_id_seq
    START WITH 1
    INCREMENT BY 1
    NO MINVALUE
    NO MAXVALUE
    CACHE 1
);


--
-- Name: auth_permission; Type: TABLE; Schema: public; Owner: spmo_admin
--

CREATE TABLE public.auth_permission (
    id integer NOT NULL,
    name character varying(255) NOT NULL,
    content_type_id integer NOT NULL,
    codename character varying(100) NOT NULL
);


ALTER TABLE public.auth_permission OWNER TO spmo_admin;

--
-- Name: auth_permission_id_seq; Type: SEQUENCE; Schema: public; Owner: spmo_admin
--

ALTER TABLE public.auth_permission ALTER COLUMN id ADD GENERATED BY DEFAULT AS IDENTITY (
    SEQUENCE NAME public.auth_permission_id_seq
    START WITH 1
    INCREMENT BY 1
    NO MINVALUE
    NO MAXVALUE
    CACHE 1
);


--
-- Name: auth_user; Type: TABLE; Schema: public; Owner: spmo_admin
--

CREATE TABLE public.auth_user (
    id integer NOT NULL,
    password character varying(128) NOT NULL,
    last_login timestamp with time zone,
    is_superuser boolean NOT NULL,
    username character varying(150) NOT NULL,
    first_name character varying(150) NOT NULL,
    last_name character varying(150) NOT NULL,
    email character varying(254) NOT NULL,
    is_staff boolean NOT NULL,
    is_active boolean NOT NULL,
    date_joined timestamp with time zone NOT NULL
);


ALTER TABLE public.auth_user OWNER TO spmo_admin;

--
-- Name: auth_user_groups; Type: TABLE; Schema: public; Owner: spmo_admin
--

CREATE TABLE public.auth_user_groups (
    id bigint NOT NULL,
    user_id integer NOT NULL,
    group_id integer NOT NULL
);


ALTER TABLE public.auth_user_groups OWNER TO spmo_admin;

--
-- Name: auth_user_groups_id_seq; Type: SEQUENCE; Schema: public; Owner: spmo_admin
--

ALTER TABLE public.auth_user_groups ALTER COLUMN id ADD GENERATED BY DEFAULT AS IDENTITY (
    SEQUENCE NAME public.auth_user_groups_id_seq
    START WITH 1
    INCREMENT BY 1
    NO MINVALUE
    NO MAXVALUE
    CACHE 1
);


--
-- Name: auth_user_id_seq; Type: SEQUENCE; Schema: public; Owner: spmo_admin
--

ALTER TABLE public.auth_user ALTER COLUMN id ADD GENERATED BY DEFAULT AS IDENTITY (
    SEQUENCE NAME public.auth_user_id_seq
    START WITH 1
    INCREMENT BY 1
    NO MINVALUE
    NO MAXVALUE
    CACHE 1
);


--
-- Name: auth_user_user_permissions; Type: TABLE; Schema: public; Owner: spmo_admin
--

CREATE TABLE public.auth_user_user_permissions (
    id bigint NOT NULL,
    user_id integer NOT NULL,
    permission_id integer NOT NULL
);


ALTER TABLE public.auth_user_user_permissions OWNER TO spmo_admin;

--
-- Name: auth_user_user_permissions_id_seq; Type: SEQUENCE; Schema: public; Owner: spmo_admin
--

ALTER TABLE public.auth_user_user_permissions ALTER COLUMN id ADD GENERATED BY DEFAULT AS IDENTITY (
    SEQUENCE NAME public.auth_user_user_permissions_id_seq
    START WITH 1
    INCREMENT BY 1
    NO MINVALUE
    NO MAXVALUE
    CACHE 1
);


--
-- Name: django_admin_log; Type: TABLE; Schema: public; Owner: spmo_admin
--

CREATE TABLE public.django_admin_log (
    id integer NOT NULL,
    action_time timestamp with time zone NOT NULL,
    object_id text,
    object_repr character varying(200) NOT NULL,
    action_flag smallint NOT NULL,
    change_message text NOT NULL,
    content_type_id integer,
    user_id integer NOT NULL,
    CONSTRAINT django_admin_log_action_flag_check CHECK ((action_flag >= 0))
);


ALTER TABLE public.django_admin_log OWNER TO spmo_admin;

--
-- Name: django_admin_log_id_seq; Type: SEQUENCE; Schema: public; Owner: spmo_admin
--

ALTER TABLE public.django_admin_log ALTER COLUMN id ADD GENERATED BY DEFAULT AS IDENTITY (
    SEQUENCE NAME public.django_admin_log_id_seq
    START WITH 1
    INCREMENT BY 1
    NO MINVALUE
    NO MAXVALUE
    CACHE 1
);


--
-- Name: django_content_type; Type: TABLE; Schema: public; Owner: spmo_admin
--

CREATE TABLE public.django_content_type (
    id integer NOT NULL,
    app_label character varying(100) NOT NULL,
    model character varying(100) NOT NULL
);


ALTER TABLE public.django_content_type OWNER TO spmo_admin;

--
-- Name: django_content_type_id_seq; Type: SEQUENCE; Schema: public; Owner: spmo_admin
--

ALTER TABLE public.django_content_type ALTER COLUMN id ADD GENERATED BY DEFAULT AS IDENTITY (
    SEQUENCE NAME public.django_content_type_id_seq
    START WITH 1
    INCREMENT BY 1
    NO MINVALUE
    NO MAXVALUE
    CACHE 1
);


--
-- Name: django_migrations; Type: TABLE; Schema: public; Owner: spmo_admin
--

CREATE TABLE public.django_migrations (
    id bigint NOT NULL,
    app character varying(255) NOT NULL,
    name character varying(255) NOT NULL,
    applied timestamp with time zone NOT NULL
);


ALTER TABLE public.django_migrations OWNER TO spmo_admin;

--
-- Name: django_migrations_id_seq; Type: SEQUENCE; Schema: public; Owner: spmo_admin
--

ALTER TABLE public.django_migrations ALTER COLUMN id ADD GENERATED BY DEFAULT AS IDENTITY (
    SEQUENCE NAME public.django_migrations_id_seq
    START WITH 1
    INCREMENT BY 1
    NO MINVALUE
    NO MAXVALUE
    CACHE 1
);


--
-- Name: django_session; Type: TABLE; Schema: public; Owner: spmo_admin
--

CREATE TABLE public.django_session (
    session_key character varying(40) NOT NULL,
    session_data text NOT NULL,
    expire_date timestamp with time zone NOT NULL
);


ALTER TABLE public.django_session OWNER TO spmo_admin;

--
-- Name: inventory_asset; Type: TABLE; Schema: public; Owner: spmo_admin
--

CREATE TABLE public.inventory_asset (
    id bigint NOT NULL,
    property_number character varying(50) NOT NULL,
    name character varying(100) NOT NULL,
    description text,
    date_acquired date NOT NULL,
    acquisition_cost numeric(12,2),
    assigned_office character varying(100) NOT NULL,
    status character varying(20) NOT NULL,
    created_at timestamp with time zone NOT NULL,
    asset_class character varying(50) NOT NULL,
    asset_nature character varying(50) NOT NULL,
    accountable_firstname character varying(50),
    accountable_middle_initial character varying(50),
    accountable_surname character varying(50),
    attachment character varying(100),
    cu character varying(50),
    image_condition character varying(100),
    image_serial character varying(100),
    latitude double precision,
    longitude double precision,
    item_id character varying(50)
);


ALTER TABLE public.inventory_asset OWNER TO spmo_admin;

--
-- Name: inventory_asset_id_seq; Type: SEQUENCE; Schema: public; Owner: spmo_admin
--

ALTER TABLE public.inventory_asset ALTER COLUMN id ADD GENERATED BY DEFAULT AS IDENTITY (
    SEQUENCE NAME public.inventory_asset_id_seq
    START WITH 1
    INCREMENT BY 1
    NO MINVALUE
    NO MAXVALUE
    CACHE 1
);


--
-- Name: inventory_assetbatch; Type: TABLE; Schema: public; Owner: spmo_admin
--

CREATE TABLE public.inventory_assetbatch (
    id bigint NOT NULL,
    transaction_id character varying(20) NOT NULL,
    created_at timestamp with time zone NOT NULL,
    status character varying(20) NOT NULL,
    remarks text,
    is_posted boolean NOT NULL,
    requestor_id integer NOT NULL,
    admin_remarks text,
    doc_1_file character varying(100),
    doc_1_name character varying(100),
    doc_2_file character varying(100),
    doc_2_name character varying(100),
    doc_3_file character varying(100),
    doc_3_name character varying(100),
    doc_4_file character varying(100),
    doc_4_name character varying(100),
    doc_5_file character varying(100),
    doc_5_name character varying(100),
    acceptance_report_number character varying(100),
    po_number character varying(100),
    requesting_unit character varying(150),
    sales_invoice_number character varying(100),
    supplier_name character varying(200),
    fund_cluster character varying(100),
    ups_dv_number character varying(100)
);


ALTER TABLE public.inventory_assetbatch OWNER TO spmo_admin;

--
-- Name: inventory_assetbatch_id_seq; Type: SEQUENCE; Schema: public; Owner: spmo_admin
--

ALTER TABLE public.inventory_assetbatch ALTER COLUMN id ADD GENERATED BY DEFAULT AS IDENTITY (
    SEQUENCE NAME public.inventory_assetbatch_id_seq
    START WITH 1
    INCREMENT BY 1
    NO MINVALUE
    NO MAXVALUE
    CACHE 1
);


--
-- Name: inventory_assettransferrequest; Type: TABLE; Schema: public; Owner: spmo_admin
--

CREATE TABLE public.inventory_assettransferrequest (
    id bigint NOT NULL,
    transaction_id character varying(20) NOT NULL,
    created_at timestamp with time zone NOT NULL,
    status character varying(20) NOT NULL,
    current_officer character varying(150) NOT NULL,
    new_officer_firstname character varying(100) NOT NULL,
    new_officer_surname character varying(100) NOT NULL,
    remarks text NOT NULL,
    admin_remarks text,
    document_1 character varying(100) NOT NULL,
    document_2 character varying(100) NOT NULL,
    asset_id bigint NOT NULL,
    requestor_id integer NOT NULL
);


ALTER TABLE public.inventory_assettransferrequest OWNER TO spmo_admin;

--
-- Name: inventory_assettransferrequest_id_seq; Type: SEQUENCE; Schema: public; Owner: spmo_admin
--

ALTER TABLE public.inventory_assettransferrequest ALTER COLUMN id ADD GENERATED BY DEFAULT AS IDENTITY (
    SEQUENCE NAME public.inventory_assettransferrequest_id_seq
    START WITH 1
    INCREMENT BY 1
    NO MINVALUE
    NO MAXVALUE
    CACHE 1
);


--
-- Name: inventory_batchitem; Type: TABLE; Schema: public; Owner: spmo_admin
--

CREATE TABLE public.inventory_batchitem (
    id bigint NOT NULL,
    unit character varying(50),
    quantity integer NOT NULL,
    description character varying(255) NOT NULL,
    nature_of_expense character varying(100),
    reference_number character varying(100),
    amount numeric(12,2) NOT NULL,
    batch_id bigint NOT NULL,
    image character varying(100),
    CONSTRAINT inventory_batchitem_quantity_check CHECK ((quantity >= 0))
);


ALTER TABLE public.inventory_batchitem OWNER TO spmo_admin;

--
-- Name: inventory_batchitem_id_seq; Type: SEQUENCE; Schema: public; Owner: spmo_admin
--

ALTER TABLE public.inventory_batchitem ALTER COLUMN id ADD GENERATED BY DEFAULT AS IDENTITY (
    SEQUENCE NAME public.inventory_batchitem_id_seq
    START WITH 1
    INCREMENT BY 1
    NO MINVALUE
    NO MAXVALUE
    CACHE 1
);


--
-- Name: inventory_inspectionrequest; Type: TABLE; Schema: public; Owner: spmo_admin
--

CREATE TABLE public.inventory_inspectionrequest (
    id bigint NOT NULL,
    transaction_id character varying(20) NOT NULL,
    created_at timestamp with time zone NOT NULL,
    notes text NOT NULL,
    status character varying(50) NOT NULL,
    document_1 character varying(100),
    document_2 character varying(100),
    asset_id bigint NOT NULL,
    requestor_id integer NOT NULL,
    admin_remarks text,
    updated_at timestamp with time zone NOT NULL
);


ALTER TABLE public.inventory_inspectionrequest OWNER TO spmo_admin;

--
-- Name: inventory_inspectionrequest_id_seq; Type: SEQUENCE; Schema: public; Owner: spmo_admin
--

ALTER TABLE public.inventory_inspectionrequest ALTER COLUMN id ADD GENERATED BY DEFAULT AS IDENTITY (
    SEQUENCE NAME public.inventory_inspectionrequest_id_seq
    START WITH 1
    INCREMENT BY 1
    NO MINVALUE
    NO MAXVALUE
    CACHE 1
);


--
-- Name: inventory_servicelog; Type: TABLE; Schema: public; Owner: spmo_admin
--

CREATE TABLE public.inventory_servicelog (
    id bigint NOT NULL,
    service_date date NOT NULL,
    service_type character varying(50) NOT NULL,
    description text NOT NULL,
    service_provider character varying(150) NOT NULL,
    cost numeric(12,2) NOT NULL,
    next_service_date date,
    service_document character varying(100),
    created_at timestamp with time zone NOT NULL,
    asset_id bigint NOT NULL
);


ALTER TABLE public.inventory_servicelog OWNER TO spmo_admin;

--
-- Name: inventory_servicelog_id_seq; Type: SEQUENCE; Schema: public; Owner: spmo_admin
--

ALTER TABLE public.inventory_servicelog ALTER COLUMN id ADD GENERATED BY DEFAULT AS IDENTITY (
    SEQUENCE NAME public.inventory_servicelog_id_seq
    START WITH 1
    INCREMENT BY 1
    NO MINVALUE
    NO MAXVALUE
    CACHE 1
);


--
-- Name: inventory_userprofile; Type: TABLE; Schema: public; Owner: spmo_admin
--

CREATE TABLE public.inventory_userprofile (
    id bigint NOT NULL,
    office character varying(100) NOT NULL,
    user_id integer NOT NULL
);


ALTER TABLE public.inventory_userprofile OWNER TO spmo_admin;

--
-- Name: inventory_userprofile_id_seq; Type: SEQUENCE; Schema: public; Owner: spmo_admin
--

ALTER TABLE public.inventory_userprofile ALTER COLUMN id ADD GENERATED BY DEFAULT AS IDENTITY (
    SEQUENCE NAME public.inventory_userprofile_id_seq
    START WITH 1
    INCREMENT BY 1
    NO MINVALUE
    NO MAXVALUE
    CACHE 1
);


--
-- Data for Name: auth_group; Type: TABLE DATA; Schema: public; Owner: spmo_admin
--

COPY public.auth_group (id, name) FROM stdin;
\.


--
-- Data for Name: auth_group_permissions; Type: TABLE DATA; Schema: public; Owner: spmo_admin
--

COPY public.auth_group_permissions (id, group_id, permission_id) FROM stdin;
\.


--
-- Data for Name: auth_permission; Type: TABLE DATA; Schema: public; Owner: spmo_admin
--

COPY public.auth_permission (id, name, content_type_id, codename) FROM stdin;
1	Can add log entry	1	add_logentry
2	Can change log entry	1	change_logentry
3	Can delete log entry	1	delete_logentry
4	Can view log entry	1	view_logentry
5	Can add permission	2	add_permission
6	Can change permission	2	change_permission
7	Can delete permission	2	delete_permission
8	Can view permission	2	view_permission
9	Can add group	3	add_group
10	Can change group	3	change_group
11	Can delete group	3	delete_group
12	Can view group	3	view_group
13	Can add user	4	add_user
14	Can change user	4	change_user
15	Can delete user	4	delete_user
16	Can view user	4	view_user
17	Can add content type	5	add_contenttype
18	Can change content type	5	change_contenttype
19	Can delete content type	5	delete_contenttype
20	Can view content type	5	view_contenttype
21	Can add session	6	add_session
22	Can change session	6	change_session
23	Can delete session	6	delete_session
24	Can view session	6	view_session
25	Can add asset	7	add_asset
26	Can change asset	7	change_asset
27	Can delete asset	7	delete_asset
28	Can view asset	7	view_asset
29	Can add user profile	8	add_userprofile
30	Can change user profile	8	change_userprofile
31	Can delete user profile	8	delete_userprofile
32	Can view user profile	8	view_userprofile
33	Can add asset batch	9	add_assetbatch
34	Can change asset batch	9	change_assetbatch
35	Can delete asset batch	9	delete_assetbatch
36	Can view asset batch	9	view_assetbatch
37	Can add inspection request	10	add_inspectionrequest
38	Can change inspection request	10	change_inspectionrequest
39	Can delete inspection request	10	delete_inspectionrequest
40	Can view inspection request	10	view_inspectionrequest
41	Can add asset transfer request	11	add_assettransferrequest
42	Can change asset transfer request	11	change_assettransferrequest
43	Can delete asset transfer request	11	delete_assettransferrequest
44	Can view asset transfer request	11	view_assettransferrequest
45	Can add batch item	12	add_batchitem
46	Can change batch item	12	change_batchitem
47	Can delete batch item	12	delete_batchitem
48	Can view batch item	12	view_batchitem
49	Can add service log	13	add_servicelog
50	Can change service log	13	change_servicelog
51	Can delete service log	13	delete_servicelog
52	Can view service log	13	view_servicelog
\.


--
-- Data for Name: auth_user; Type: TABLE DATA; Schema: public; Owner: spmo_admin
--

COPY public.auth_user (id, password, last_login, is_superuser, username, first_name, last_name, email, is_staff, is_active, date_joined) FROM stdin;
2	pbkdf2_sha256$1000000$3W1UgBscErwaWV7NhEd4Dn$DMQGmmQWZfOkb//ZRCxQJVaW9RVyv5mIDVEkuWXV6cA=	2026-01-15 06:38:12.118865+00	f	groottest				f	t	2026-01-15 06:37:38.79508+00
1	pbkdf2_sha256$1000000$kE3Ixa1A2Mje1DvhPX9AK4$p3H1uxD262YJyF1VvByUv9G6dkYxz8x+G0bzqnikWIw=	2026-01-21 04:30:06.208502+00	t	grootadmin			grootadmin@up.edu.ph	t	t	2026-01-13 08:54:44.360302+00
\.


--
-- Data for Name: auth_user_groups; Type: TABLE DATA; Schema: public; Owner: spmo_admin
--

COPY public.auth_user_groups (id, user_id, group_id) FROM stdin;
\.


--
-- Data for Name: auth_user_user_permissions; Type: TABLE DATA; Schema: public; Owner: spmo_admin
--

COPY public.auth_user_user_permissions (id, user_id, permission_id) FROM stdin;
\.


--
-- Data for Name: django_admin_log; Type: TABLE DATA; Schema: public; Owner: spmo_admin
--

COPY public.django_admin_log (id, action_time, object_id, object_repr, action_flag, change_message, content_type_id, user_id) FROM stdin;
1	2026-01-15 06:37:39.413247+00	2	groottest	1	[{"added": {}}]	4	1
\.


--
-- Data for Name: django_content_type; Type: TABLE DATA; Schema: public; Owner: spmo_admin
--

COPY public.django_content_type (id, app_label, model) FROM stdin;
1	admin	logentry
2	auth	permission
3	auth	group
4	auth	user
5	contenttypes	contenttype
6	sessions	session
7	inventory	asset
8	inventory	userprofile
9	inventory	assetbatch
10	inventory	inspectionrequest
11	inventory	assettransferrequest
12	inventory	batchitem
13	inventory	servicelog
\.


--
-- Data for Name: django_migrations; Type: TABLE DATA; Schema: public; Owner: spmo_admin
--

COPY public.django_migrations (id, app, name, applied) FROM stdin;
1	contenttypes	0001_initial	2026-01-13 08:39:32.559423+00
2	auth	0001_initial	2026-01-13 08:39:32.608796+00
3	admin	0001_initial	2026-01-13 08:39:32.624373+00
4	admin	0002_logentry_remove_auto_add	2026-01-13 08:39:32.631283+00
5	admin	0003_logentry_add_action_flag_choices	2026-01-13 08:39:32.636768+00
6	contenttypes	0002_remove_content_type_name	2026-01-13 08:39:32.649672+00
7	auth	0002_alter_permission_name_max_length	2026-01-13 08:39:32.65627+00
8	auth	0003_alter_user_email_max_length	2026-01-13 08:39:32.66272+00
9	auth	0004_alter_user_username_opts	2026-01-13 08:39:32.668425+00
10	auth	0005_alter_user_last_login_null	2026-01-13 08:39:32.674909+00
11	auth	0006_require_contenttypes_0002	2026-01-13 08:39:32.675656+00
12	auth	0007_alter_validators_add_error_messages	2026-01-13 08:39:32.682387+00
13	auth	0008_alter_user_username_max_length	2026-01-13 08:39:32.692079+00
14	auth	0009_alter_user_last_name_max_length	2026-01-13 08:39:32.698047+00
15	auth	0010_alter_group_name_max_length	2026-01-13 08:39:32.706017+00
16	auth	0011_update_proxy_permissions	2026-01-13 08:39:32.711344+00
17	auth	0012_alter_user_first_name_max_length	2026-01-13 08:39:32.717431+00
18	inventory	0001_initial	2026-01-13 08:39:32.725219+00
19	inventory	0002_asset_asset_class_asset_asset_nature_and_more	2026-01-13 08:39:32.738024+00
20	inventory	0003_asset_accountable_firstname_and_more	2026-01-13 08:39:32.751721+00
21	inventory	0004_alter_asset_image_userprofile	2026-01-13 08:39:32.764344+00
22	inventory	0005_remove_asset_image_asset_image_condition_and_more	2026-01-13 08:39:32.770006+00
23	inventory	0006_asset_latitude_asset_longitude	2026-01-13 08:39:32.774179+00
24	inventory	0007_assetbatch_batchitem	2026-01-13 08:39:32.803529+00
25	inventory	0008_inspectionrequest	2026-01-13 08:39:32.824571+00
26	inventory	0009_inspectionrequest_admin_remarks_and_more	2026-01-13 08:39:32.881725+00
27	inventory	0010_assetbatch_admin_remarks_and_more	2026-01-13 08:39:32.898212+00
28	inventory	0011_remove_assetbatch_document_main_asset_item_id_and_more	2026-01-13 08:39:33.092719+00
29	inventory	0012_assettransferrequest	2026-01-13 08:39:33.113353+00
30	inventory	0013_assetbatch_acceptance_report_number_and_more	2026-01-13 08:39:33.153639+00
31	inventory	0014_batchitem	2026-01-13 08:39:33.172383+00
32	inventory	0015_assetbatch_fund_cluster_assetbatch_ups_dv_number	2026-01-13 08:39:33.189535+00
33	inventory	0016_batchitem_image	2026-01-13 08:39:33.194864+00
34	inventory	0017_servicelog	2026-01-13 08:39:33.212535+00
35	sessions	0001_initial	2026-01-13 08:39:33.219947+00
\.


--
-- Data for Name: django_session; Type: TABLE DATA; Schema: public; Owner: spmo_admin
--

COPY public.django_session (session_key, session_data, expire_date) FROM stdin;
y812tkmkrrlfaov9f0z8x5v9dn65tgc7	e30:1vfaCg:tD6uY3lGbASl95hRgcKwIk5NSnO1S8LOxYIv5Ak5Ido	2026-01-13 08:58:42.072613+00
ai9r60qd9biee14cplz0yc7sjobzwm2v	.eJxVjDsOwjAQRO_iGll2YrwWJT1nsPZnHECJFCcV4u4kUgroRvPezNtkXJea16ZzHsRcTGdOvx0hP3XcgTxwvE-Wp3GZB7K7Yg_a7G0SfV0P9--gYqvbupQeFNiTJwjKBaTolsI5OiGWFAMmAEUHFJ1DxhCYuuSQeg9R1Hy-Eyo46A:1vgGzr:5Ma1JCe2cbEmvwqIg-hWzRlm4Mqo6CNEBBQCreWJGPM	2026-01-15 06:40:19.578005+00
0uls1tl6rhu1i90wrne9txljfrvak9m8	.eJxVjEEOwiAQRe_C2hBGoGVcuu8ZyACDVA0kpV0Z765NutDtf-_9l_C0rcVvnRc_J3ERIE6_W6D44LqDdKd6azK2ui5zkLsiD9rl1BI_r4f7d1Col28dIBKyQowWlM0Mg3LkWIN2o9EJRhiyTiZbCmzP2iQihwHRZHJAEcT7A9maN9A:1vga39:IF0-9oeKQhQzcxux_bX4wMRRrfCJtE5pmtORodSoEns	2026-01-16 03:00:59.199732+00
9igcvstphuz8sm277ms8ghmtz4xat9tj	.eJxVjEEOwiAQRe_C2hBGoGVcuu8ZyACDVA0kpV0Z765NutDtf-_9l_C0rcVvnRc_J3ERIE6_W6D44LqDdKd6azK2ui5zkLsiD9rl1BI_r4f7d1Col28dIBKyQowWlM0Mg3LkWIN2o9EJRhiyTiZbCmzP2iQihwHRZHJAEcT7A9maN9A:1vfaDe:U7m8sRw44Se26aO-U1o8mhO-wWiIasecWZ8pWgOx6go	2026-01-13 08:59:42.332112+00
rxayadse72524fpqyh1jcjpju7vq9fch	.eJxVjEEOwiAQRe_C2hBGoGVcuu8ZyACDVA0kpV0Z765NutDtf-_9l_C0rcVvnRc_J3ERIE6_W6D44LqDdKd6azK2ui5zkLsiD9rl1BI_r4f7d1Col28dIBKyQowWlM0Mg3LkWIN2o9EJRhiyTiZbCmzP2iQihwHRZHJAEcT7A9maN9A:1vgbn1:Q8qJCxZEXF7KmEFULeFl5SzTV5WT056wq-xDKHdEMxQ	2026-01-16 04:52:27.324331+00
9hbxs3r7rwmfuubkia4zashbr2f621ep	e30:1vgbs0:FOMcFT4WMICxagO9RCf2uG3dwypRWoc8BUyt97jmZf4	2026-01-16 04:57:36.15072+00
9auocyksb3jme6mcr80f5bsdcpovgobn	.eJxVjEEOwiAQRe_C2hBGoGVcuu8ZyACDVA0kpV0Z765NutDtf-_9l_C0rcVvnRc_J3ERIE6_W6D44LqDdKd6azK2ui5zkLsiD9rl1BI_r4f7d1Col28dIBKyQowWlM0Mg3LkWIN2o9EJRhiyTiZbCmzP2iQihwHRZHJAEcT7A9maN9A:1vfoGL:69nFDLJxh-wSpuIJPETpGopYiORfhXnD-4Z9utUDsMU	2026-01-13 23:59:25.192174+00
jp0n08neuhrdilyho17x6k6tl2rsaqe5	e30:1vfoRI:6cDTK7SxsFau6XUZANPB-HlsCXnRKr8OiZ_tNk3U_k0	2026-01-14 00:10:44.145436+00
qgnirz0df1r8vm17hn7dzovswwspzn50	.eJxVjEEOwiAQRe_C2hBGoGVcuu8ZyACDVA0kpV0Z765NutDtf-_9l_C0rcVvnRc_J3ERIE6_W6D44LqDdKd6azK2ui5zkLsiD9rl1BI_r4f7d1Col28dIBKyQowWlM0Mg3LkWIN2o9EJRhiyTiZbCmzP2iQihwHRZHJAEcT7A9maN9A:1vgxq8:oeNlS2lbM_GD3ApF1samGrTXKDPFHd9RnZH3UuoieZs	2026-01-17 04:25:08.3054+00
s62al71dnarynmz74nac5xsnz87jhzoa	.eJxVjEEOwiAQRe_C2hBGoGVcuu8ZyACDVA0kpV0Z765NutDtf-_9l_C0rcVvnRc_J3ERIE6_W6D44LqDdKd6azK2ui5zkLsiD9rl1BI_r4f7d1Col28dIBKyQowWlM0Mg3LkWIN2o9EJRhiyTiZbCmzP2iQihwHRZHJAEcT7A9maN9A:1vg9Yb:vW47_BfsL0oVMgFKl0-PdkpOoZa2zkLxJRWOBJpEH_s	2026-01-14 22:43:41.771173+00
seusy2q3wpaew868pbcp27djh22tqw9f	.eJxVjEEOwiAQRe_C2hBGoGVcuu8ZyACDVA0kpV0Z765NutDtf-_9l_C0rcVvnRc_J3ERIE6_W6D44LqDdKd6azK2ui5zkLsiD9rl1BI_r4f7d1Col28dIBKyQowWlM0Mg3LkWIN2o9EJRhiyTiZbCmzP2iQihwHRZHJAEcT7A9maN9A:1vh6td:ntwQcwitnIr0PQC3VurbElg6Ow9CM2PfiWVjXJ8iG5s	2026-01-17 14:05:21.651015+00
vnwe0nlwzfs183n5mnbuad4zpzummb2t	.eJxVjEEOwiAQRe_C2hBGoGVcuu8ZyACDVA0kpV0Z765NutDtf-_9l_C0rcVvnRc_J3ERIE6_W6D44LqDdKd6azK2ui5zkLsiD9rl1BI_r4f7d1Col28dIBKyQowWlM0Mg3LkWIN2o9EJRhiyTiZbCmzP2iQihwHRZHJAEcT7A9maN9A:1vheNG:p8DbQvBPlzEaDO6JtkowkgVvdnkGCHU2ExRr6_499IE	2026-01-19 01:50:10.626261+00
mxr8klwq14jjzfj0608lcxcxrgfmupph	.eJxVjEEOwiAQRe_C2hBGoGVcuu8ZyACDVA0kpV0Z765NutDtf-_9l_C0rcVvnRc_J3ERIE6_W6D44LqDdKd6azK2ui5zkLsiD9rl1BI_r4f7d1Col28dIBKyQowWlM0Mg3LkWIN2o9EJRhiyTiZbCmzP2iQihwHRZHJAEcT7A9maN9A:1vg9lQ:rEoopEevVnF3BV6MU38ZH0MCl6ClaB0r4sKvyExrFz4	2026-01-14 22:56:56.298191+00
0egt0pf03ra4w1qcp7vi4wfm9vm963g4	e30:1vgAi6:0SSbblyrWWaG90d524pOwBNabSJQmd9OuveHRwlAR68	2026-01-14 23:57:34.472427+00
qatm2lne83cl632mesfxi16t84rgg9nz	e30:1vgAiM:AQv-pQbraiCBrDeoWeLKsv5xikcyGQIyZzZGEg2cOss	2026-01-14 23:57:50.613777+00
68ionpvdnfgd6r06b7396bcjaeb6949p	.eJxVjEEOwiAQRe_C2hBGoGVcuu8ZyACDVA0kpV0Z765NutDtf-_9l_C0rcVvnRc_J3ERIE6_W6D44LqDdKd6azK2ui5zkLsiD9rl1BI_r4f7d1Col28dIBKyQowWlM0Mg3LkWIN2o9EJRhiyTiZbCmzP2iQihwHRZHJAEcT7A9maN9A:1vhhgN:Vk95IYUJJi6Ls0SDCOLR7JcKR4HNXeWVP2o7fTwlgH8	2026-01-19 05:22:07.434617+00
nxktyolot1ac8hlpvl269ckx8sdo4wfa	e30:1vgAjX:zoO-g5kv-dwNBqQPWeeQnTTI6tvjKf-gX-XMRlXISJY	2026-01-14 23:59:03.409315+00
oet0vu52m0s0iyqausdpjc5ta525geu2	.eJxVjEEOwiAQRe_C2hBGoGVcuu8ZyACDVA0kpV0Z765NutDtf-_9l_C0rcVvnRc_J3ERIE6_W6D44LqDdKd6azK2ui5zkLsiD9rl1BI_r4f7d1Col28dIBKyQowWlM0Mg3LkWIN2o9EJRhiyTiZbCmzP2iQihwHRZHJAEcT7A9maN9A:1vgAlE:qlZtnyS5hrnM_VyaI5Rk5M2BhC6Z8Ed9RDBoOk140Ss	2026-01-15 00:00:48.495542+00
khltdwphd9lt7wdjjrkljohcrndyfnl0	e30:1vgB5G:ArmEe_0Xlk3h53KJYUgf9lMcZCKE_JGPUWekuP27eRw	2026-01-15 00:21:30.712802+00
b3n5qk9j0s0ga864n2zepd9mmezt9gzy	.eJxVjEEOwiAQRe_C2hBGoGVcuu8ZyACDVA0kpV0Z765NutDtf-_9l_C0rcVvnRc_J3ERIE6_W6D44LqDdKd6azK2ui5zkLsiD9rl1BI_r4f7d1Col28dIBKyQowWlM0Mg3LkWIN2o9EJRhiyTiZbCmzP2iQihwHRZHJAEcT7A9maN9A:1vhiOn:E5zvBpasAL8ag9G_ruMP64Wf8iwVn54B6ifABy7yW9U	2026-01-19 06:08:01.065199+00
la8afsw3ww927ker0ui2i0vxgau28crk	.eJxVjEEOwiAQRe_C2hBGoGVcuu8ZyACDVA0kpV0Z765NutDtf-_9l_C0rcVvnRc_J3ERIE6_W6D44LqDdKd6azK2ui5zkLsiD9rl1BI_r4f7d1Col28dIBKyQowWlM0Mg3LkWIN2o9EJRhiyTiZbCmzP2iQihwHRZHJAEcT7A9maN9A:1vgC2I:vhEuxi9kToRpx5RmU8S3TSC2UnDfFKBrQeihOzjgiKI	2026-01-15 01:22:30.099354+00
sev9g9ybmixc656fto0s63l6v7sa5516	.eJxVjEEOwiAQRe_C2hBGoGVcuu8ZyACDVA0kpV0Z765NutDtf-_9l_C0rcVvnRc_J3ERIE6_W6D44LqDdKd6azK2ui5zkLsiD9rl1BI_r4f7d1Col28dIBKyQowWlM0Mg3LkWIN2o9EJRhiyTiZbCmzP2iQihwHRZHJAEcT7A9maN9A:1vgC4c:q6xFFC62_8cZPrSj0m-x9veqHsitYJg1_aKojs0Zx7M	2026-01-15 01:24:54.141423+00
r2dry3pnrgcioxj7v7eiinl5sp8qjzi3	e30:1vhjBg:DHszWs9MEdpUxU58loZlc_F5fAM1xRa1plBLoAbC2FM	2026-01-19 06:58:32.736375+00
ttpvq0o9y3pgnnwbxeghnzr1s2tmbsmk	.eJxVjEEOwiAQRe_C2hBGoGVcuu8ZyACDVA0kpV0Z765NutDtf-_9l_C0rcVvnRc_J3ERIE6_W6D44LqDdKd6azK2ui5zkLsiD9rl1BI_r4f7d1Col28dIBKyQowWlM0Mg3LkWIN2o9EJRhiyTiZbCmzP2iQihwHRZHJAEcT7A9maN9A:1vhjNe:SvwR7tkwCgdygMpdR8sQWnE8Qg1ABBYNAe4q00i9QWs	2026-01-19 07:10:54.702204+00
8q1dx9xon58ue8teyrszkq0hxtzt5ulf	.eJxVjEEOwiAQRe_C2hBGoGVcuu8ZyACDVA0kpV0Z765NutDtf-_9l_C0rcVvnRc_J3ERIE6_W6D44LqDdKd6azK2ui5zkLsiD9rl1BI_r4f7d1Col28dIBKyQowWlM0Mg3LkWIN2o9EJRhiyTiZbCmzP2iQihwHRZHJAEcT7A9maN9A:1vgC4j:26AnpL2hg2Nkomq2dnCqGXtJheZscW2YQDldfobcUQI	2026-01-15 01:25:01.997053+00
92bgf1o8ukgyo0ergayil6pcggrfoyr8	.eJxVjEEOwiAQRe_C2hBGoGVcuu8ZyACDVA0kpV0Z765NutDtf-_9l_C0rcVvnRc_J3ERIE6_W6D44LqDdKd6azK2ui5zkLsiD9rl1BI_r4f7d1Col28dIBKyQowWlM0Mg3LkWIN2o9EJRhiyTiZbCmzP2iQihwHRZHJAEcT7A9maN9A:1vgC7W:p4ONfLYP7aCWD7DY7C_8cIWAAdj_aROPSljVdIBEjHY	2026-01-15 01:27:54.370891+00
0atnk6sw9emflulew7asfeiwfpznvg5c	.eJxVjEEOwiAQRe_C2hBGoGVcuu8ZyACDVA0kpV0Z765NutDtf-_9l_C0rcVvnRc_J3ERIE6_W6D44LqDdKd6azK2ui5zkLsiD9rl1BI_r4f7d1Col28dIBKyQowWlM0Mg3LkWIN2o9EJRhiyTiZbCmzP2iQihwHRZHJAEcT7A9maN9A:1viPr7:_QrSXjfKjt9pqn0ELhkrbsMU8A8pLUxqek41xeqKyA0	2026-01-21 04:32:09.376733+00
\.


--
-- Data for Name: inventory_asset; Type: TABLE DATA; Schema: public; Owner: spmo_admin
--

COPY public.inventory_asset (id, property_number, name, description, date_acquired, acquisition_cost, assigned_office, status, created_at, asset_class, asset_nature, accountable_firstname, accountable_middle_initial, accountable_surname, attachment, cu, image_condition, image_serial, latitude, longitude, item_id) FROM stdin;
\.


--
-- Data for Name: inventory_assetbatch; Type: TABLE DATA; Schema: public; Owner: spmo_admin
--

COPY public.inventory_assetbatch (id, transaction_id, created_at, status, remarks, is_posted, requestor_id, admin_remarks, doc_1_file, doc_1_name, doc_2_file, doc_2_name, doc_3_file, doc_3_name, doc_4_file, doc_4_name, doc_5_file, doc_5_name, acceptance_report_number, po_number, requesting_unit, sales_invoice_number, supplier_name, fund_cluster, ups_dv_number) FROM stdin;
\.


--
-- Data for Name: inventory_assettransferrequest; Type: TABLE DATA; Schema: public; Owner: spmo_admin
--

COPY public.inventory_assettransferrequest (id, transaction_id, created_at, status, current_officer, new_officer_firstname, new_officer_surname, remarks, admin_remarks, document_1, document_2, asset_id, requestor_id) FROM stdin;
\.


--
-- Data for Name: inventory_batchitem; Type: TABLE DATA; Schema: public; Owner: spmo_admin
--

COPY public.inventory_batchitem (id, unit, quantity, description, nature_of_expense, reference_number, amount, batch_id, image) FROM stdin;
\.


--
-- Data for Name: inventory_inspectionrequest; Type: TABLE DATA; Schema: public; Owner: spmo_admin
--

COPY public.inventory_inspectionrequest (id, transaction_id, created_at, notes, status, document_1, document_2, asset_id, requestor_id, admin_remarks, updated_at) FROM stdin;
\.


--
-- Data for Name: inventory_servicelog; Type: TABLE DATA; Schema: public; Owner: spmo_admin
--

COPY public.inventory_servicelog (id, service_date, service_type, description, service_provider, cost, next_service_date, service_document, created_at, asset_id) FROM stdin;
\.


--
-- Data for Name: inventory_userprofile; Type: TABLE DATA; Schema: public; Owner: spmo_admin
--

COPY public.inventory_userprofile (id, office, user_id) FROM stdin;
\.


--
-- Name: auth_group_id_seq; Type: SEQUENCE SET; Schema: public; Owner: spmo_admin
--

SELECT pg_catalog.setval('public.auth_group_id_seq', 1, false);


--
-- Name: auth_group_permissions_id_seq; Type: SEQUENCE SET; Schema: public; Owner: spmo_admin
--

SELECT pg_catalog.setval('public.auth_group_permissions_id_seq', 1, false);


--
-- Name: auth_permission_id_seq; Type: SEQUENCE SET; Schema: public; Owner: spmo_admin
--

SELECT pg_catalog.setval('public.auth_permission_id_seq', 52, true);


--
-- Name: auth_user_groups_id_seq; Type: SEQUENCE SET; Schema: public; Owner: spmo_admin
--

SELECT pg_catalog.setval('public.auth_user_groups_id_seq', 1, false);


--
-- Name: auth_user_id_seq; Type: SEQUENCE SET; Schema: public; Owner: spmo_admin
--

SELECT pg_catalog.setval('public.auth_user_id_seq', 2, true);


--
-- Name: auth_user_user_permissions_id_seq; Type: SEQUENCE SET; Schema: public; Owner: spmo_admin
--

SELECT pg_catalog.setval('public.auth_user_user_permissions_id_seq', 1, false);


--
-- Name: django_admin_log_id_seq; Type: SEQUENCE SET; Schema: public; Owner: spmo_admin
--

SELECT pg_catalog.setval('public.django_admin_log_id_seq', 1, true);


--
-- Name: django_content_type_id_seq; Type: SEQUENCE SET; Schema: public; Owner: spmo_admin
--

SELECT pg_catalog.setval('public.django_content_type_id_seq', 13, true);


--
-- Name: django_migrations_id_seq; Type: SEQUENCE SET; Schema: public; Owner: spmo_admin
--

SELECT pg_catalog.setval('public.django_migrations_id_seq', 35, true);


--
-- Name: inventory_asset_id_seq; Type: SEQUENCE SET; Schema: public; Owner: spmo_admin
--

SELECT pg_catalog.setval('public.inventory_asset_id_seq', 1, false);


--
-- Name: inventory_assetbatch_id_seq; Type: SEQUENCE SET; Schema: public; Owner: spmo_admin
--

SELECT pg_catalog.setval('public.inventory_assetbatch_id_seq', 1, false);


--
-- Name: inventory_assettransferrequest_id_seq; Type: SEQUENCE SET; Schema: public; Owner: spmo_admin
--

SELECT pg_catalog.setval('public.inventory_assettransferrequest_id_seq', 1, false);


--
-- Name: inventory_batchitem_id_seq; Type: SEQUENCE SET; Schema: public; Owner: spmo_admin
--

SELECT pg_catalog.setval('public.inventory_batchitem_id_seq', 1, false);


--
-- Name: inventory_inspectionrequest_id_seq; Type: SEQUENCE SET; Schema: public; Owner: spmo_admin
--

SELECT pg_catalog.setval('public.inventory_inspectionrequest_id_seq', 1, false);


--
-- Name: inventory_servicelog_id_seq; Type: SEQUENCE SET; Schema: public; Owner: spmo_admin
--

SELECT pg_catalog.setval('public.inventory_servicelog_id_seq', 1, false);


--
-- Name: inventory_userprofile_id_seq; Type: SEQUENCE SET; Schema: public; Owner: spmo_admin
--

SELECT pg_catalog.setval('public.inventory_userprofile_id_seq', 1, false);


--
-- Name: auth_group auth_group_name_key; Type: CONSTRAINT; Schema: public; Owner: spmo_admin
--

ALTER TABLE ONLY public.auth_group
    ADD CONSTRAINT auth_group_name_key UNIQUE (name);


--
-- Name: auth_group_permissions auth_group_permissions_group_id_permission_id_0cd325b0_uniq; Type: CONSTRAINT; Schema: public; Owner: spmo_admin
--

ALTER TABLE ONLY public.auth_group_permissions
    ADD CONSTRAINT auth_group_permissions_group_id_permission_id_0cd325b0_uniq UNIQUE (group_id, permission_id);


--
-- Name: auth_group_permissions auth_group_permissions_pkey; Type: CONSTRAINT; Schema: public; Owner: spmo_admin
--

ALTER TABLE ONLY public.auth_group_permissions
    ADD CONSTRAINT auth_group_permissions_pkey PRIMARY KEY (id);


--
-- Name: auth_group auth_group_pkey; Type: CONSTRAINT; Schema: public; Owner: spmo_admin
--

ALTER TABLE ONLY public.auth_group
    ADD CONSTRAINT auth_group_pkey PRIMARY KEY (id);


--
-- Name: auth_permission auth_permission_content_type_id_codename_01ab375a_uniq; Type: CONSTRAINT; Schema: public; Owner: spmo_admin
--

ALTER TABLE ONLY public.auth_permission
    ADD CONSTRAINT auth_permission_content_type_id_codename_01ab375a_uniq UNIQUE (content_type_id, codename);


--
-- Name: auth_permission auth_permission_pkey; Type: CONSTRAINT; Schema: public; Owner: spmo_admin
--

ALTER TABLE ONLY public.auth_permission
    ADD CONSTRAINT auth_permission_pkey PRIMARY KEY (id);


--
-- Name: auth_user_groups auth_user_groups_pkey; Type: CONSTRAINT; Schema: public; Owner: spmo_admin
--

ALTER TABLE ONLY public.auth_user_groups
    ADD CONSTRAINT auth_user_groups_pkey PRIMARY KEY (id);


--
-- Name: auth_user_groups auth_user_groups_user_id_group_id_94350c0c_uniq; Type: CONSTRAINT; Schema: public; Owner: spmo_admin
--

ALTER TABLE ONLY public.auth_user_groups
    ADD CONSTRAINT auth_user_groups_user_id_group_id_94350c0c_uniq UNIQUE (user_id, group_id);


--
-- Name: auth_user auth_user_pkey; Type: CONSTRAINT; Schema: public; Owner: spmo_admin
--

ALTER TABLE ONLY public.auth_user
    ADD CONSTRAINT auth_user_pkey PRIMARY KEY (id);


--
-- Name: auth_user_user_permissions auth_user_user_permissions_pkey; Type: CONSTRAINT; Schema: public; Owner: spmo_admin
--

ALTER TABLE ONLY public.auth_user_user_permissions
    ADD CONSTRAINT auth_user_user_permissions_pkey PRIMARY KEY (id);


--
-- Name: auth_user_user_permissions auth_user_user_permissions_user_id_permission_id_14a6b632_uniq; Type: CONSTRAINT; Schema: public; Owner: spmo_admin
--

ALTER TABLE ONLY public.auth_user_user_permissions
    ADD CONSTRAINT auth_user_user_permissions_user_id_permission_id_14a6b632_uniq UNIQUE (user_id, permission_id);


--
-- Name: auth_user auth_user_username_key; Type: CONSTRAINT; Schema: public; Owner: spmo_admin
--

ALTER TABLE ONLY public.auth_user
    ADD CONSTRAINT auth_user_username_key UNIQUE (username);


--
-- Name: django_admin_log django_admin_log_pkey; Type: CONSTRAINT; Schema: public; Owner: spmo_admin
--

ALTER TABLE ONLY public.django_admin_log
    ADD CONSTRAINT django_admin_log_pkey PRIMARY KEY (id);


--
-- Name: django_content_type django_content_type_app_label_model_76bd3d3b_uniq; Type: CONSTRAINT; Schema: public; Owner: spmo_admin
--

ALTER TABLE ONLY public.django_content_type
    ADD CONSTRAINT django_content_type_app_label_model_76bd3d3b_uniq UNIQUE (app_label, model);


--
-- Name: django_content_type django_content_type_pkey; Type: CONSTRAINT; Schema: public; Owner: spmo_admin
--

ALTER TABLE ONLY public.django_content_type
    ADD CONSTRAINT django_content_type_pkey PRIMARY KEY (id);


--
-- Name: django_migrations django_migrations_pkey; Type: CONSTRAINT; Schema: public; Owner: spmo_admin
--

ALTER TABLE ONLY public.django_migrations
    ADD CONSTRAINT django_migrations_pkey PRIMARY KEY (id);


--
-- Name: django_session django_session_pkey; Type: CONSTRAINT; Schema: public; Owner: spmo_admin
--

ALTER TABLE ONLY public.django_session
    ADD CONSTRAINT django_session_pkey PRIMARY KEY (session_key);


--
-- Name: inventory_asset inventory_asset_item_id_key; Type: CONSTRAINT; Schema: public; Owner: spmo_admin
--

ALTER TABLE ONLY public.inventory_asset
    ADD CONSTRAINT inventory_asset_item_id_key UNIQUE (item_id);


--
-- Name: inventory_asset inventory_asset_pkey; Type: CONSTRAINT; Schema: public; Owner: spmo_admin
--

ALTER TABLE ONLY public.inventory_asset
    ADD CONSTRAINT inventory_asset_pkey PRIMARY KEY (id);


--
-- Name: inventory_asset inventory_asset_property_number_key; Type: CONSTRAINT; Schema: public; Owner: spmo_admin
--

ALTER TABLE ONLY public.inventory_asset
    ADD CONSTRAINT inventory_asset_property_number_key UNIQUE (property_number);


--
-- Name: inventory_assetbatch inventory_assetbatch_pkey; Type: CONSTRAINT; Schema: public; Owner: spmo_admin
--

ALTER TABLE ONLY public.inventory_assetbatch
    ADD CONSTRAINT inventory_assetbatch_pkey PRIMARY KEY (id);


--
-- Name: inventory_assetbatch inventory_assetbatch_transaction_id_key; Type: CONSTRAINT; Schema: public; Owner: spmo_admin
--

ALTER TABLE ONLY public.inventory_assetbatch
    ADD CONSTRAINT inventory_assetbatch_transaction_id_key UNIQUE (transaction_id);


--
-- Name: inventory_assettransferrequest inventory_assettransferrequest_pkey; Type: CONSTRAINT; Schema: public; Owner: spmo_admin
--

ALTER TABLE ONLY public.inventory_assettransferrequest
    ADD CONSTRAINT inventory_assettransferrequest_pkey PRIMARY KEY (id);


--
-- Name: inventory_assettransferrequest inventory_assettransferrequest_transaction_id_key; Type: CONSTRAINT; Schema: public; Owner: spmo_admin
--

ALTER TABLE ONLY public.inventory_assettransferrequest
    ADD CONSTRAINT inventory_assettransferrequest_transaction_id_key UNIQUE (transaction_id);


--
-- Name: inventory_batchitem inventory_batchitem_pkey; Type: CONSTRAINT; Schema: public; Owner: spmo_admin
--

ALTER TABLE ONLY public.inventory_batchitem
    ADD CONSTRAINT inventory_batchitem_pkey PRIMARY KEY (id);


--
-- Name: inventory_inspectionrequest inventory_inspectionrequest_pkey; Type: CONSTRAINT; Schema: public; Owner: spmo_admin
--

ALTER TABLE ONLY public.inventory_inspectionrequest
    ADD CONSTRAINT inventory_inspectionrequest_pkey PRIMARY KEY (id);


--
-- Name: inventory_inspectionrequest inventory_inspectionrequest_transaction_id_key; Type: CONSTRAINT; Schema: public; Owner: spmo_admin
--

ALTER TABLE ONLY public.inventory_inspectionrequest
    ADD CONSTRAINT inventory_inspectionrequest_transaction_id_key UNIQUE (transaction_id);


--
-- Name: inventory_servicelog inventory_servicelog_pkey; Type: CONSTRAINT; Schema: public; Owner: spmo_admin
--

ALTER TABLE ONLY public.inventory_servicelog
    ADD CONSTRAINT inventory_servicelog_pkey PRIMARY KEY (id);


--
-- Name: inventory_userprofile inventory_userprofile_pkey; Type: CONSTRAINT; Schema: public; Owner: spmo_admin
--

ALTER TABLE ONLY public.inventory_userprofile
    ADD CONSTRAINT inventory_userprofile_pkey PRIMARY KEY (id);


--
-- Name: inventory_userprofile inventory_userprofile_user_id_key; Type: CONSTRAINT; Schema: public; Owner: spmo_admin
--

ALTER TABLE ONLY public.inventory_userprofile
    ADD CONSTRAINT inventory_userprofile_user_id_key UNIQUE (user_id);


--
-- Name: auth_group_name_a6ea08ec_like; Type: INDEX; Schema: public; Owner: spmo_admin
--

CREATE INDEX auth_group_name_a6ea08ec_like ON public.auth_group USING btree (name varchar_pattern_ops);


--
-- Name: auth_group_permissions_group_id_b120cbf9; Type: INDEX; Schema: public; Owner: spmo_admin
--

CREATE INDEX auth_group_permissions_group_id_b120cbf9 ON public.auth_group_permissions USING btree (group_id);


--
-- Name: auth_group_permissions_permission_id_84c5c92e; Type: INDEX; Schema: public; Owner: spmo_admin
--

CREATE INDEX auth_group_permissions_permission_id_84c5c92e ON public.auth_group_permissions USING btree (permission_id);


--
-- Name: auth_permission_content_type_id_2f476e4b; Type: INDEX; Schema: public; Owner: spmo_admin
--

CREATE INDEX auth_permission_content_type_id_2f476e4b ON public.auth_permission USING btree (content_type_id);


--
-- Name: auth_user_groups_group_id_97559544; Type: INDEX; Schema: public; Owner: spmo_admin
--

CREATE INDEX auth_user_groups_group_id_97559544 ON public.auth_user_groups USING btree (group_id);


--
-- Name: auth_user_groups_user_id_6a12ed8b; Type: INDEX; Schema: public; Owner: spmo_admin
--

CREATE INDEX auth_user_groups_user_id_6a12ed8b ON public.auth_user_groups USING btree (user_id);


--
-- Name: auth_user_user_permissions_permission_id_1fbb5f2c; Type: INDEX; Schema: public; Owner: spmo_admin
--

CREATE INDEX auth_user_user_permissions_permission_id_1fbb5f2c ON public.auth_user_user_permissions USING btree (permission_id);


--
-- Name: auth_user_user_permissions_user_id_a95ead1b; Type: INDEX; Schema: public; Owner: spmo_admin
--

CREATE INDEX auth_user_user_permissions_user_id_a95ead1b ON public.auth_user_user_permissions USING btree (user_id);


--
-- Name: auth_user_username_6821ab7c_like; Type: INDEX; Schema: public; Owner: spmo_admin
--

CREATE INDEX auth_user_username_6821ab7c_like ON public.auth_user USING btree (username varchar_pattern_ops);


--
-- Name: django_admin_log_content_type_id_c4bce8eb; Type: INDEX; Schema: public; Owner: spmo_admin
--

CREATE INDEX django_admin_log_content_type_id_c4bce8eb ON public.django_admin_log USING btree (content_type_id);


--
-- Name: django_admin_log_user_id_c564eba6; Type: INDEX; Schema: public; Owner: spmo_admin
--

CREATE INDEX django_admin_log_user_id_c564eba6 ON public.django_admin_log USING btree (user_id);


--
-- Name: django_session_expire_date_a5c62663; Type: INDEX; Schema: public; Owner: spmo_admin
--

CREATE INDEX django_session_expire_date_a5c62663 ON public.django_session USING btree (expire_date);


--
-- Name: django_session_session_key_c0390e0f_like; Type: INDEX; Schema: public; Owner: spmo_admin
--

CREATE INDEX django_session_session_key_c0390e0f_like ON public.django_session USING btree (session_key varchar_pattern_ops);


--
-- Name: inventory_asset_item_id_a5bd8a7c_like; Type: INDEX; Schema: public; Owner: spmo_admin
--

CREATE INDEX inventory_asset_item_id_a5bd8a7c_like ON public.inventory_asset USING btree (item_id varchar_pattern_ops);


--
-- Name: inventory_asset_property_number_e11ab44a_like; Type: INDEX; Schema: public; Owner: spmo_admin
--

CREATE INDEX inventory_asset_property_number_e11ab44a_like ON public.inventory_asset USING btree (property_number varchar_pattern_ops);


--
-- Name: inventory_assetbatch_requestor_id_7777c423; Type: INDEX; Schema: public; Owner: spmo_admin
--

CREATE INDEX inventory_assetbatch_requestor_id_7777c423 ON public.inventory_assetbatch USING btree (requestor_id);


--
-- Name: inventory_assetbatch_transaction_id_ecf83fc0_like; Type: INDEX; Schema: public; Owner: spmo_admin
--

CREATE INDEX inventory_assetbatch_transaction_id_ecf83fc0_like ON public.inventory_assetbatch USING btree (transaction_id varchar_pattern_ops);


--
-- Name: inventory_assettransferrequest_asset_id_2b20ba47; Type: INDEX; Schema: public; Owner: spmo_admin
--

CREATE INDEX inventory_assettransferrequest_asset_id_2b20ba47 ON public.inventory_assettransferrequest USING btree (asset_id);


--
-- Name: inventory_assettransferrequest_requestor_id_970a4f4a; Type: INDEX; Schema: public; Owner: spmo_admin
--

CREATE INDEX inventory_assettransferrequest_requestor_id_970a4f4a ON public.inventory_assettransferrequest USING btree (requestor_id);


--
-- Name: inventory_assettransferrequest_transaction_id_6dab1109_like; Type: INDEX; Schema: public; Owner: spmo_admin
--

CREATE INDEX inventory_assettransferrequest_transaction_id_6dab1109_like ON public.inventory_assettransferrequest USING btree (transaction_id varchar_pattern_ops);


--
-- Name: inventory_batchitem_batch_id_d110dcde; Type: INDEX; Schema: public; Owner: spmo_admin
--

CREATE INDEX inventory_batchitem_batch_id_d110dcde ON public.inventory_batchitem USING btree (batch_id);


--
-- Name: inventory_inspectionrequest_asset_id_b37b4f00; Type: INDEX; Schema: public; Owner: spmo_admin
--

CREATE INDEX inventory_inspectionrequest_asset_id_b37b4f00 ON public.inventory_inspectionrequest USING btree (asset_id);


--
-- Name: inventory_inspectionrequest_requestor_id_88b8f481; Type: INDEX; Schema: public; Owner: spmo_admin
--

CREATE INDEX inventory_inspectionrequest_requestor_id_88b8f481 ON public.inventory_inspectionrequest USING btree (requestor_id);


--
-- Name: inventory_inspectionrequest_transaction_id_fbf19944_like; Type: INDEX; Schema: public; Owner: spmo_admin
--

CREATE INDEX inventory_inspectionrequest_transaction_id_fbf19944_like ON public.inventory_inspectionrequest USING btree (transaction_id varchar_pattern_ops);


--
-- Name: inventory_servicelog_asset_id_ea8a1d41; Type: INDEX; Schema: public; Owner: spmo_admin
--

CREATE INDEX inventory_servicelog_asset_id_ea8a1d41 ON public.inventory_servicelog USING btree (asset_id);


--
-- Name: auth_group_permissions auth_group_permissio_permission_id_84c5c92e_fk_auth_perm; Type: FK CONSTRAINT; Schema: public; Owner: spmo_admin
--

ALTER TABLE ONLY public.auth_group_permissions
    ADD CONSTRAINT auth_group_permissio_permission_id_84c5c92e_fk_auth_perm FOREIGN KEY (permission_id) REFERENCES public.auth_permission(id) DEFERRABLE INITIALLY DEFERRED;


--
-- Name: auth_group_permissions auth_group_permissions_group_id_b120cbf9_fk_auth_group_id; Type: FK CONSTRAINT; Schema: public; Owner: spmo_admin
--

ALTER TABLE ONLY public.auth_group_permissions
    ADD CONSTRAINT auth_group_permissions_group_id_b120cbf9_fk_auth_group_id FOREIGN KEY (group_id) REFERENCES public.auth_group(id) DEFERRABLE INITIALLY DEFERRED;


--
-- Name: auth_permission auth_permission_content_type_id_2f476e4b_fk_django_co; Type: FK CONSTRAINT; Schema: public; Owner: spmo_admin
--

ALTER TABLE ONLY public.auth_permission
    ADD CONSTRAINT auth_permission_content_type_id_2f476e4b_fk_django_co FOREIGN KEY (content_type_id) REFERENCES public.django_content_type(id) DEFERRABLE INITIALLY DEFERRED;


--
-- Name: auth_user_groups auth_user_groups_group_id_97559544_fk_auth_group_id; Type: FK CONSTRAINT; Schema: public; Owner: spmo_admin
--

ALTER TABLE ONLY public.auth_user_groups
    ADD CONSTRAINT auth_user_groups_group_id_97559544_fk_auth_group_id FOREIGN KEY (group_id) REFERENCES public.auth_group(id) DEFERRABLE INITIALLY DEFERRED;


--
-- Name: auth_user_groups auth_user_groups_user_id_6a12ed8b_fk_auth_user_id; Type: FK CONSTRAINT; Schema: public; Owner: spmo_admin
--

ALTER TABLE ONLY public.auth_user_groups
    ADD CONSTRAINT auth_user_groups_user_id_6a12ed8b_fk_auth_user_id FOREIGN KEY (user_id) REFERENCES public.auth_user(id) DEFERRABLE INITIALLY DEFERRED;


--
-- Name: auth_user_user_permissions auth_user_user_permi_permission_id_1fbb5f2c_fk_auth_perm; Type: FK CONSTRAINT; Schema: public; Owner: spmo_admin
--

ALTER TABLE ONLY public.auth_user_user_permissions
    ADD CONSTRAINT auth_user_user_permi_permission_id_1fbb5f2c_fk_auth_perm FOREIGN KEY (permission_id) REFERENCES public.auth_permission(id) DEFERRABLE INITIALLY DEFERRED;


--
-- Name: auth_user_user_permissions auth_user_user_permissions_user_id_a95ead1b_fk_auth_user_id; Type: FK CONSTRAINT; Schema: public; Owner: spmo_admin
--

ALTER TABLE ONLY public.auth_user_user_permissions
    ADD CONSTRAINT auth_user_user_permissions_user_id_a95ead1b_fk_auth_user_id FOREIGN KEY (user_id) REFERENCES public.auth_user(id) DEFERRABLE INITIALLY DEFERRED;


--
-- Name: django_admin_log django_admin_log_content_type_id_c4bce8eb_fk_django_co; Type: FK CONSTRAINT; Schema: public; Owner: spmo_admin
--

ALTER TABLE ONLY public.django_admin_log
    ADD CONSTRAINT django_admin_log_content_type_id_c4bce8eb_fk_django_co FOREIGN KEY (content_type_id) REFERENCES public.django_content_type(id) DEFERRABLE INITIALLY DEFERRED;


--
-- Name: django_admin_log django_admin_log_user_id_c564eba6_fk_auth_user_id; Type: FK CONSTRAINT; Schema: public; Owner: spmo_admin
--

ALTER TABLE ONLY public.django_admin_log
    ADD CONSTRAINT django_admin_log_user_id_c564eba6_fk_auth_user_id FOREIGN KEY (user_id) REFERENCES public.auth_user(id) DEFERRABLE INITIALLY DEFERRED;


--
-- Name: inventory_assetbatch inventory_assetbatch_requestor_id_7777c423_fk_auth_user_id; Type: FK CONSTRAINT; Schema: public; Owner: spmo_admin
--

ALTER TABLE ONLY public.inventory_assetbatch
    ADD CONSTRAINT inventory_assetbatch_requestor_id_7777c423_fk_auth_user_id FOREIGN KEY (requestor_id) REFERENCES public.auth_user(id) DEFERRABLE INITIALLY DEFERRED;


--
-- Name: inventory_assettransferrequest inventory_assettrans_asset_id_2b20ba47_fk_inventory; Type: FK CONSTRAINT; Schema: public; Owner: spmo_admin
--

ALTER TABLE ONLY public.inventory_assettransferrequest
    ADD CONSTRAINT inventory_assettrans_asset_id_2b20ba47_fk_inventory FOREIGN KEY (asset_id) REFERENCES public.inventory_asset(id) DEFERRABLE INITIALLY DEFERRED;


--
-- Name: inventory_assettransferrequest inventory_assettrans_requestor_id_970a4f4a_fk_auth_user; Type: FK CONSTRAINT; Schema: public; Owner: spmo_admin
--

ALTER TABLE ONLY public.inventory_assettransferrequest
    ADD CONSTRAINT inventory_assettrans_requestor_id_970a4f4a_fk_auth_user FOREIGN KEY (requestor_id) REFERENCES public.auth_user(id) DEFERRABLE INITIALLY DEFERRED;


--
-- Name: inventory_batchitem inventory_batchitem_batch_id_d110dcde_fk_inventory; Type: FK CONSTRAINT; Schema: public; Owner: spmo_admin
--

ALTER TABLE ONLY public.inventory_batchitem
    ADD CONSTRAINT inventory_batchitem_batch_id_d110dcde_fk_inventory FOREIGN KEY (batch_id) REFERENCES public.inventory_assetbatch(id) DEFERRABLE INITIALLY DEFERRED;


--
-- Name: inventory_inspectionrequest inventory_inspection_asset_id_b37b4f00_fk_inventory; Type: FK CONSTRAINT; Schema: public; Owner: spmo_admin
--

ALTER TABLE ONLY public.inventory_inspectionrequest
    ADD CONSTRAINT inventory_inspection_asset_id_b37b4f00_fk_inventory FOREIGN KEY (asset_id) REFERENCES public.inventory_asset(id) DEFERRABLE INITIALLY DEFERRED;


--
-- Name: inventory_inspectionrequest inventory_inspection_requestor_id_88b8f481_fk_auth_user; Type: FK CONSTRAINT; Schema: public; Owner: spmo_admin
--

ALTER TABLE ONLY public.inventory_inspectionrequest
    ADD CONSTRAINT inventory_inspection_requestor_id_88b8f481_fk_auth_user FOREIGN KEY (requestor_id) REFERENCES public.auth_user(id) DEFERRABLE INITIALLY DEFERRED;


--
-- Name: inventory_servicelog inventory_servicelog_asset_id_ea8a1d41_fk_inventory_asset_id; Type: FK CONSTRAINT; Schema: public; Owner: spmo_admin
--

ALTER TABLE ONLY public.inventory_servicelog
    ADD CONSTRAINT inventory_servicelog_asset_id_ea8a1d41_fk_inventory_asset_id FOREIGN KEY (asset_id) REFERENCES public.inventory_asset(id) DEFERRABLE INITIALLY DEFERRED;


--
-- Name: inventory_userprofile inventory_userprofile_user_id_69d1daa8_fk_auth_user_id; Type: FK CONSTRAINT; Schema: public; Owner: spmo_admin
--

ALTER TABLE ONLY public.inventory_userprofile
    ADD CONSTRAINT inventory_userprofile_user_id_69d1daa8_fk_auth_user_id FOREIGN KEY (user_id) REFERENCES public.auth_user(id) DEFERRABLE INITIALLY DEFERRED;


--
-- PostgreSQL database dump complete
--

\unrestrict ba8EgdX4QVV894JButjETSsgjFiLh8V0cGWvqwVsr2xXLmfpwuhVVR2or1L3OB1

