--
-- PostgreSQL database dump
--

\restrict PW5kfOLs7bxJR41iPcLrNejUSOGmUFh3jUzWMoEjMl6TptCO28PNkWboe7HQxs3

-- Dumped from database version 15.15
-- Dumped by pg_dump version 15.15

SET statement_timeout = 0;
SET lock_timeout = 0;
SET idle_in_transaction_session_timeout = 0;
SET client_encoding = 'UTF8';
SET standard_conforming_strings = on;
SELECT pg_catalog.set_config('search_path', '', false);
SET check_function_bodies = false;
SET xmloption = content;
SET client_min_messages = warning;
SET row_security = off;

SET default_tablespace = '';

SET default_table_access_method = heap;

--
-- Name: auth_group; Type: TABLE; Schema: public; Owner: spmo_admin
--

CREATE TABLE public.auth_group (
    id integer NOT NULL,
    name character varying(150) NOT NULL
);


ALTER TABLE public.auth_group OWNER TO spmo_admin;

--
-- Name: auth_group_id_seq; Type: SEQUENCE; Schema: public; Owner: spmo_admin
--

ALTER TABLE public.auth_group ALTER COLUMN id ADD GENERATED BY DEFAULT AS IDENTITY (
    SEQUENCE NAME public.auth_group_id_seq
    START WITH 1
    INCREMENT BY 1
    NO MINVALUE
    NO MAXVALUE
    CACHE 1
);


--
-- Name: auth_group_permissions; Type: TABLE; Schema: public; Owner: spmo_admin
--

CREATE TABLE public.auth_group_permissions (
    id bigint NOT NULL,
    group_id integer NOT NULL,
    permission_id integer NOT NULL
);


ALTER TABLE public.auth_group_permissions OWNER TO spmo_admin;

--
-- Name: auth_group_permissions_id_seq; Type: SEQUENCE; Schema: public; Owner: spmo_admin
--

ALTER TABLE public.auth_group_permissions ALTER COLUMN id ADD GENERATED BY DEFAULT AS IDENTITY (
    SEQUENCE NAME public.auth_group_permissions_id_seq
    START WITH 1
    INCREMENT BY 1
    NO MINVALUE
    NO MAXVALUE
    CACHE 1
);


--
-- Name: auth_permission; Type: TABLE; Schema: public; Owner: spmo_admin
--

CREATE TABLE public.auth_permission (
    id integer NOT NULL,
    name character varying(255) NOT NULL,
    content_type_id integer NOT NULL,
    codename character varying(100) NOT NULL
);


ALTER TABLE public.auth_permission OWNER TO spmo_admin;

--
-- Name: auth_permission_id_seq; Type: SEQUENCE; Schema: public; Owner: spmo_admin
--

ALTER TABLE public.auth_permission ALTER COLUMN id ADD GENERATED BY DEFAULT AS IDENTITY (
    SEQUENCE NAME public.auth_permission_id_seq
    START WITH 1
    INCREMENT BY 1
    NO MINVALUE
    NO MAXVALUE
    CACHE 1
);


--
-- Name: auth_user; Type: TABLE; Schema: public; Owner: spmo_admin
--

CREATE TABLE public.auth_user (
    id integer NOT NULL,
    password character varying(128) NOT NULL,
    last_login timestamp with time zone,
    is_superuser boolean NOT NULL,
    username character varying(150) NOT NULL,
    first_name character varying(150) NOT NULL,
    last_name character varying(150) NOT NULL,
    email character varying(254) NOT NULL,
    is_staff boolean NOT NULL,
    is_active boolean NOT NULL,
    date_joined timestamp with time zone NOT NULL
);


ALTER TABLE public.auth_user OWNER TO spmo_admin;

--
-- Name: auth_user_groups; Type: TABLE; Schema: public; Owner: spmo_admin
--

CREATE TABLE public.auth_user_groups (
    id bigint NOT NULL,
    user_id integer NOT NULL,
    group_id integer NOT NULL
);


ALTER TABLE public.auth_user_groups OWNER TO spmo_admin;

--
-- Name: auth_user_groups_id_seq; Type: SEQUENCE; Schema: public; Owner: spmo_admin
--

ALTER TABLE public.auth_user_groups ALTER COLUMN id ADD GENERATED BY DEFAULT AS IDENTITY (
    SEQUENCE NAME public.auth_user_groups_id_seq
    START WITH 1
    INCREMENT BY 1
    NO MINVALUE
    NO MAXVALUE
    CACHE 1
);


--
-- Name: auth_user_id_seq; Type: SEQUENCE; Schema: public; Owner: spmo_admin
--

ALTER TABLE public.auth_user ALTER COLUMN id ADD GENERATED BY DEFAULT AS IDENTITY (
    SEQUENCE NAME public.auth_user_id_seq
    START WITH 1
    INCREMENT BY 1
    NO MINVALUE
    NO MAXVALUE
    CACHE 1
);


--
-- Name: auth_user_user_permissions; Type: TABLE; Schema: public; Owner: spmo_admin
--

CREATE TABLE public.auth_user_user_permissions (
    id bigint NOT NULL,
    user_id integer NOT NULL,
    permission_id integer NOT NULL
);


ALTER TABLE public.auth_user_user_permissions OWNER TO spmo_admin;

--
-- Name: auth_user_user_permissions_id_seq; Type: SEQUENCE; Schema: public; Owner: spmo_admin
--

ALTER TABLE public.auth_user_user_permissions ALTER COLUMN id ADD GENERATED BY DEFAULT AS IDENTITY (
    SEQUENCE NAME public.auth_user_user_permissions_id_seq
    START WITH 1
    INCREMENT BY 1
    NO MINVALUE
    NO MAXVALUE
    CACHE 1
);


--
-- Name: django_admin_log; Type: TABLE; Schema: public; Owner: spmo_admin
--

CREATE TABLE public.django_admin_log (
    id integer NOT NULL,
    action_time timestamp with time zone NOT NULL,
    object_id text,
    object_repr character varying(200) NOT NULL,
    action_flag smallint NOT NULL,
    change_message text NOT NULL,
    content_type_id integer,
    user_id integer NOT NULL,
    CONSTRAINT django_admin_log_action_flag_check CHECK ((action_flag >= 0))
);


ALTER TABLE public.django_admin_log OWNER TO spmo_admin;

--
-- Name: django_admin_log_id_seq; Type: SEQUENCE; Schema: public; Owner: spmo_admin
--

ALTER TABLE public.django_admin_log ALTER COLUMN id ADD GENERATED BY DEFAULT AS IDENTITY (
    SEQUENCE NAME public.django_admin_log_id_seq
    START WITH 1
    INCREMENT BY 1
    NO MINVALUE
    NO MAXVALUE
    CACHE 1
);


--
-- Name: django_content_type; Type: TABLE; Schema: public; Owner: spmo_admin
--

CREATE TABLE public.django_content_type (
    id integer NOT NULL,
    app_label character varying(100) NOT NULL,
    model character varying(100) NOT NULL
);


ALTER TABLE public.django_content_type OWNER TO spmo_admin;

--
-- Name: django_content_type_id_seq; Type: SEQUENCE; Schema: public; Owner: spmo_admin
--

ALTER TABLE public.django_content_type ALTER COLUMN id ADD GENERATED BY DEFAULT AS IDENTITY (
    SEQUENCE NAME public.django_content_type_id_seq
    START WITH 1
    INCREMENT BY 1
    NO MINVALUE
    NO MAXVALUE
    CACHE 1
);


--
-- Name: django_migrations; Type: TABLE; Schema: public; Owner: spmo_admin
--

CREATE TABLE public.django_migrations (
    id bigint NOT NULL,
    app character varying(255) NOT NULL,
    name character varying(255) NOT NULL,
    applied timestamp with time zone NOT NULL
);


ALTER TABLE public.django_migrations OWNER TO spmo_admin;

--
-- Name: django_migrations_id_seq; Type: SEQUENCE; Schema: public; Owner: spmo_admin
--

ALTER TABLE public.django_migrations ALTER COLUMN id ADD GENERATED BY DEFAULT AS IDENTITY (
    SEQUENCE NAME public.django_migrations_id_seq
    START WITH 1
    INCREMENT BY 1
    NO MINVALUE
    NO MAXVALUE
    CACHE 1
);


--
-- Name: django_session; Type: TABLE; Schema: public; Owner: spmo_admin
--

CREATE TABLE public.django_session (
    session_key character varying(40) NOT NULL,
    session_data text NOT NULL,
    expire_date timestamp with time zone NOT NULL
);


ALTER TABLE public.django_session OWNER TO spmo_admin;

--
-- Name: travel_airlinecredit; Type: TABLE; Schema: public; Owner: spmo_admin
--

CREATE TABLE public.travel_airlinecredit (
    id bigint NOT NULL,
    airline character varying(3) NOT NULL,
    total_credit_limit numeric(12,2) NOT NULL,
    current_balance numeric(12,2) NOT NULL,
    last_updated timestamp with time zone NOT NULL
);


ALTER TABLE public.travel_airlinecredit OWNER TO spmo_admin;

--
-- Name: travel_airlinecredit_id_seq; Type: SEQUENCE; Schema: public; Owner: spmo_admin
--

ALTER TABLE public.travel_airlinecredit ALTER COLUMN id ADD GENERATED BY DEFAULT AS IDENTITY (
    SEQUENCE NAME public.travel_airlinecredit_id_seq
    START WITH 1
    INCREMENT BY 1
    NO MINVALUE
    NO MAXVALUE
    CACHE 1
);


--
-- Name: travel_bookingrequest; Type: TABLE; Schema: public; Owner: spmo_admin
--

CREATE TABLE public.travel_bookingrequest (
    id bigint NOT NULL,
    email character varying(254) NOT NULL,
    full_name character varying(200) NOT NULL,
    employee_id character varying(50) NOT NULL,
    unit_office character varying(100) NOT NULL,
    mother_unit character varying(100) NOT NULL,
    birthday date NOT NULL,
    designation character varying(100) NOT NULL,
    up_mail character varying(254) NOT NULL,
    contact_number character varying(50) NOT NULL,
    admin_officer character varying(200) NOT NULL,
    purpose text NOT NULL,
    trip_type character varying(20) NOT NULL,
    destination_details character varying(255) NOT NULL,
    departure_date date NOT NULL,
    departure_time time without time zone NOT NULL,
    return_date date,
    return_time time without time zone,
    is_official boolean NOT NULL,
    airline character varying(20) NOT NULL,
    seat_class character varying(20) NOT NULL,
    avail_insurance boolean NOT NULL,
    baggage_type character varying(20) NOT NULL,
    special_requests text,
    supervisor_name character varying(200) NOT NULL,
    supervisor_email character varying(254) NOT NULL,
    approval_date date NOT NULL,
    remarks text,
    agreed_to_policy boolean NOT NULL,
    doc_travel_order character varying(100),
    doc_itinerary character varying(100),
    doc_gov_id character varying(100),
    status character varying(20) NOT NULL,
    created_at timestamp with time zone NOT NULL,
    origin character varying(255) NOT NULL,
    doc_previous_gfa character varying(100),
    doc_signed_slip character varying(100),
    admin_instructions text,
    booking_reference_no character varying(50),
    doc_flight_ticket character varying(100),
    doc_voucher character varying(100),
    ticket_issued_at timestamp with time zone,
    created_by_id integer,
    total_amount numeric(10,2)
);


ALTER TABLE public.travel_bookingrequest OWNER TO spmo_admin;

--
-- Name: travel_bookingrequest_id_seq; Type: SEQUENCE; Schema: public; Owner: spmo_admin
--

ALTER TABLE public.travel_bookingrequest ALTER COLUMN id ADD GENERATED BY DEFAULT AS IDENTITY (
    SEQUENCE NAME public.travel_bookingrequest_id_seq
    START WITH 1
    INCREMENT BY 1
    NO MINVALUE
    NO MAXVALUE
    CACHE 1
);


--
-- Name: travel_userprofile; Type: TABLE; Schema: public; Owner: spmo_admin
--

CREATE TABLE public.travel_userprofile (
    id bigint NOT NULL,
    office character varying(100),
    user_id integer NOT NULL
);


ALTER TABLE public.travel_userprofile OWNER TO spmo_admin;

--
-- Name: travel_userprofile_id_seq; Type: SEQUENCE; Schema: public; Owner: spmo_admin
--

ALTER TABLE public.travel_userprofile ALTER COLUMN id ADD GENERATED BY DEFAULT AS IDENTITY (
    SEQUENCE NAME public.travel_userprofile_id_seq
    START WITH 1
    INCREMENT BY 1
    NO MINVALUE
    NO MAXVALUE
    CACHE 1
);


--
-- Data for Name: auth_group; Type: TABLE DATA; Schema: public; Owner: spmo_admin
--

COPY public.auth_group (id, name) FROM stdin;
\.


--
-- Data for Name: auth_group_permissions; Type: TABLE DATA; Schema: public; Owner: spmo_admin
--

COPY public.auth_group_permissions (id, group_id, permission_id) FROM stdin;
\.


--
-- Data for Name: auth_permission; Type: TABLE DATA; Schema: public; Owner: spmo_admin
--

COPY public.auth_permission (id, name, content_type_id, codename) FROM stdin;
1	Can add log entry	1	add_logentry
2	Can change log entry	1	change_logentry
3	Can delete log entry	1	delete_logentry
4	Can view log entry	1	view_logentry
5	Can add permission	2	add_permission
6	Can change permission	2	change_permission
7	Can delete permission	2	delete_permission
8	Can view permission	2	view_permission
9	Can add group	3	add_group
10	Can change group	3	change_group
11	Can delete group	3	delete_group
12	Can view group	3	view_group
13	Can add user	4	add_user
14	Can change user	4	change_user
15	Can delete user	4	delete_user
16	Can view user	4	view_user
17	Can add content type	5	add_contenttype
18	Can change content type	5	change_contenttype
19	Can delete content type	5	delete_contenttype
20	Can view content type	5	view_contenttype
21	Can add session	6	add_session
22	Can change session	6	change_session
23	Can delete session	6	delete_session
24	Can view session	6	view_session
25	Can add booking request	7	add_bookingrequest
26	Can change booking request	7	change_bookingrequest
27	Can delete booking request	7	delete_bookingrequest
28	Can view booking request	7	view_bookingrequest
29	Can add user profile	8	add_userprofile
30	Can change user profile	8	change_userprofile
31	Can delete user profile	8	delete_userprofile
32	Can view user profile	8	view_userprofile
33	Can add Airline Credit Balance	9	add_airlinecredit
34	Can change Airline Credit Balance	9	change_airlinecredit
35	Can delete Airline Credit Balance	9	delete_airlinecredit
36	Can view Airline Credit Balance	9	view_airlinecredit
\.


--
-- Data for Name: auth_user; Type: TABLE DATA; Schema: public; Owner: spmo_admin
--

COPY public.auth_user (id, password, last_login, is_superuser, username, first_name, last_name, email, is_staff, is_active, date_joined) FROM stdin;
1	pbkdf2_sha256$1000000$JDNIID2OKxeXGoX6igGGrB$+nw22YmJnvMhV1RzeZzJOfOJRdLL6ITk7B2gLF4YVPM=	2026-01-21 04:29:39.018586+00	t	grootadmin			grootadmin@up.edu.ph	t	t	2026-01-13 08:54:46.90026+00
\.


--
-- Data for Name: auth_user_groups; Type: TABLE DATA; Schema: public; Owner: spmo_admin
--

COPY public.auth_user_groups (id, user_id, group_id) FROM stdin;
\.


--
-- Data for Name: auth_user_user_permissions; Type: TABLE DATA; Schema: public; Owner: spmo_admin
--

COPY public.auth_user_user_permissions (id, user_id, permission_id) FROM stdin;
\.


--
-- Data for Name: django_admin_log; Type: TABLE DATA; Schema: public; Owner: spmo_admin
--

COPY public.django_admin_log (id, action_time, object_id, object_repr, action_flag, change_message, content_type_id, user_id) FROM stdin;
1	2026-01-17 04:26:40.149212+00	1	Philippine Airlines - ₱0.0	1	[{"added": {}}]	9	1
2	2026-01-17 04:26:56.959137+00	2	Cebu Pacific - ₱0.0	1	[{"added": {}}]	9	1
\.


--
-- Data for Name: django_content_type; Type: TABLE DATA; Schema: public; Owner: spmo_admin
--

COPY public.django_content_type (id, app_label, model) FROM stdin;
1	admin	logentry
2	auth	permission
3	auth	group
4	auth	user
5	contenttypes	contenttype
6	sessions	session
7	travel	bookingrequest
8	travel	userprofile
9	travel	airlinecredit
\.


--
-- Data for Name: django_migrations; Type: TABLE DATA; Schema: public; Owner: spmo_admin
--

COPY public.django_migrations (id, app, name, applied) FROM stdin;
1	contenttypes	0001_initial	2026-01-13 08:39:35.815519+00
2	auth	0001_initial	2026-01-13 08:39:35.865177+00
3	admin	0001_initial	2026-01-13 08:39:35.880588+00
4	admin	0002_logentry_remove_auto_add	2026-01-13 08:39:35.887103+00
5	admin	0003_logentry_add_action_flag_choices	2026-01-13 08:39:35.892412+00
6	contenttypes	0002_remove_content_type_name	2026-01-13 08:39:35.905037+00
7	auth	0002_alter_permission_name_max_length	2026-01-13 08:39:35.911389+00
8	auth	0003_alter_user_email_max_length	2026-01-13 08:39:35.917574+00
9	auth	0004_alter_user_username_opts	2026-01-13 08:39:35.923166+00
10	auth	0005_alter_user_last_login_null	2026-01-13 08:39:35.92942+00
11	auth	0006_require_contenttypes_0002	2026-01-13 08:39:35.930159+00
12	auth	0007_alter_validators_add_error_messages	2026-01-13 08:39:35.936685+00
13	auth	0008_alter_user_username_max_length	2026-01-13 08:39:35.945918+00
14	auth	0009_alter_user_last_name_max_length	2026-01-13 08:39:35.951905+00
15	auth	0010_alter_group_name_max_length	2026-01-13 08:39:35.959833+00
16	auth	0011_update_proxy_permissions	2026-01-13 08:39:35.965006+00
17	auth	0012_alter_user_first_name_max_length	2026-01-13 08:39:35.970826+00
18	sessions	0001_initial	2026-01-13 08:39:35.978099+00
19	travel	0001_initial	2026-01-13 08:39:35.985566+00
20	travel	0002_bookingrequest_origin_and_more	2026-01-13 08:39:36.002123+00
21	travel	0003_alter_bookingrequest_mother_unit_and_more	2026-01-13 08:39:36.006516+00
22	travel	0004_bookingrequest_doc_previous_gfa_and_more	2026-01-13 08:39:36.017828+00
23	travel	0005_bookingrequest_admin_instructions_and_more	2026-01-13 08:39:36.032651+00
24	travel	0006_userprofile	2026-01-13 08:39:36.043864+00
25	travel	0007_bookingrequest_created_by	2026-01-13 08:39:36.055062+00
26	travel	0008_bookingrequest_total_amount	2026-01-13 08:39:36.064111+00
27	travel	0009_airlinecredit	2026-01-13 08:39:36.070072+00
28	travel	0010_alter_bookingrequest_status	2026-01-13 08:39:36.07748+00
\.


--
-- Data for Name: django_session; Type: TABLE DATA; Schema: public; Owner: spmo_admin
--

COPY public.django_session (session_key, session_data, expire_date) FROM stdin;
vgz5fwsagkgz86vlnev1i5naedz892aw	.eJxVjDsOwjAQBe_iGlneZeW1Kek5g-UvDiBbipMq4u4QKQW0b2beJpxfl-rWkWc3JXERIE6_W_DxmdsO0sO3e5ext2WegtwVedAhbz3l1_Vw_w6qH_VbM2oNUIoFhZyjIQPBACArq5BYERtWGBCsYcJ8LoQRVDS65ATkWbw_j6817w:1vgxu7:86SCiukvJRhnRaNCD1_RluuBRDnnO_S0qU3ERkgAB9c	2026-01-17 04:57:15.741047+00
phqs0nemtf9ks2gn4t6zvo530rtrooth	.eJxVjDsOwjAQBe_iGlneZeW1Kek5g-UvDiBbipMq4u4QKQW0b2beJpxfl-rWkWc3JXERIE6_W_DxmdsO0sO3e5ext2WegtwVedAhbz3l1_Vw_w6qH_VbM2oNUIoFhZyjIQPBACArq5BYERtWGBCsYcJ8LoQRVDS65ATkWbw_j6817w:1vfaDD:Ln7VpV5vowj3K-4KoYkD4WdgmP8Zm5a3breVwkeaSeU	2026-01-13 09:27:15.611575+00
6e0d15su1hc1xv4zrzffhg5x03tg2rd5	.eJxVjDsOwjAQBe_iGlneZeW1Kek5g-UvDiBbipMq4u4QKQW0b2beJpxfl-rWkWc3JXERIE6_W_DxmdsO0sO3e5ext2WegtwVedAhbz3l1_Vw_w6qH_VbM2oNUIoFhZyjIQPBACArq5BYERtWGBCsYcJ8LoQRVDS65ATkWbw_j6817w:1vhjNl:u9fT7oOklLxd100tiu8u3eE85ArRX9IkMUgygjJIvS0	2026-01-19 07:39:01.448911+00
l21l4rotb6e9xt67lks5uhdzf2hm4j2m	.eJxVjDsOwjAQBe_iGlneZeW1Kek5g-UvDiBbipMq4u4QKQW0b2beJpxfl-rWkWc3JXERIE6_W_DxmdsO0sO3e5ext2WegtwVedAhbz3l1_Vw_w6qH_VbM2oNUIoFhZyjIQPBACArq5BYERtWGBCsYcJ8LoQRVDS65ATkWbw_j6817w:1viPqd:KA-XMHg3_1oh-Tv6hK_Q8F5FCKSPxVTbjHPP8wSAh4M	2026-01-21 04:59:39.054458+00
h3orksjl7jaqk54x6yf23utxgu4d7gmm	.eJxVjDsOwjAQBe_iGlneZeW1Kek5g-UvDiBbipMq4u4QKQW0b2beJpxfl-rWkWc3JXERIE6_W_DxmdsO0sO3e5ext2WegtwVedAhbz3l1_Vw_w6qH_VbM2oNUIoFhZyjIQPBACArq5BYERtWGBCsYcJ8LoQRVDS65ATkWbw_j6817w:1vg9n4:nd-C4FjcnLWD1HeCQ1JDizrPFB44okjRsSxEhdSFB3U	2026-01-14 23:26:38.353341+00
wbeuavq5me9kci9wyqqail88od3i8hlp	.eJxVjDsOwjAQBe_iGlneZeW1Kek5g-UvDiBbipMq4u4QKQW0b2beJpxfl-rWkWc3JXERIE6_W_DxmdsO0sO3e5ext2WegtwVedAhbz3l1_Vw_w6qH_VbM2oNUIoFhZyjIQPBACArq5BYERtWGBCsYcJ8LoQRVDS65ATkWbw_j6817w:1vgAiH:TIOclnXeAAJ82gx-h2Qjd8fjwnP59dV5FwNc6urj6ZA	2026-01-15 00:25:45.475122+00
lynkxmuj0fiss004z3e3r1kz70s6gnkg	.eJxVjDsOwjAQBe_iGlneZeW1Kek5g-UvDiBbipMq4u4QKQW0b2beJpxfl-rWkWc3JXERIE6_W_DxmdsO0sO3e5ext2WegtwVedAhbz3l1_Vw_w6qH_VbM2oNUIoFhZyjIQPBACArq5BYERtWGBCsYcJ8LoQRVDS65ATkWbw_j6817w:1vgAlR:f3PajVO-K48xdxoRmaLJ921LEeLqZg0Vj2NJrdqr4n8	2026-01-15 00:29:01.898264+00
mc38u7zwhm9860zopyelge2zbnbe3npz	e30:1vgBQb:EPeQ2qmz4aQkzeNi2SEquEi3YWNueOTamBWqgQ90ltM	2026-01-15 01:11:33.102607+00
8ea7rap9dnpp3c36ta1oo85i9vetdglb	e30:1vgC23:cJ-3el2Ee2UUWTM6P8YvbSYW84KvWfE_7BlcDLnRH4c	2026-01-15 01:50:15.122258+00
5ibfy8fxu3bi8is4hbjpx5fbwk3vqad7	.eJxVjDsOwjAQBe_iGlneZeW1Kek5g-UvDiBbipMq4u4QKQW0b2beJpxfl-rWkWc3JXERIE6_W_DxmdsO0sO3e5ext2WegtwVedAhbz3l1_Vw_w6qH_VbM2oNUIoFhZyjIQPBACArq5BYERtWGBCsYcJ8LoQRVDS65ATkWbw_j6817w:1vgC2R:ZY8l-G2gU_r3yJiqJH5NUE5Wm3_ZHdt_hYbKkYJ_in0	2026-01-15 01:50:39.539133+00
mg7d8x24d81me9bqq6jxwitkl3p8doo3	.eJxVjDsOwjAQBe_iGlneZeW1Kek5g-UvDiBbipMq4u4QKQW0b2beJpxfl-rWkWc3JXERIE6_W_DxmdsO0sO3e5ext2WegtwVedAhbz3l1_Vw_w6qH_VbM2oNUIoFhZyjIQPBACArq5BYERtWGBCsYcJ8LoQRVDS65ATkWbw_j6817w:1vgC4u:lN_cp0bCtOe4bmrqWkYhQ6eGIcpo7EEDOuZl4ufS8VI	2026-01-15 01:53:12.56075+00
hl60wfxzvinfh8hwtcv5wu6w67h22ryw	.eJxVjDsOwjAQBe_iGlneZeW1Kek5g-UvDiBbipMq4u4QKQW0b2beJpxfl-rWkWc3JXERIE6_W_DxmdsO0sO3e5ext2WegtwVedAhbz3l1_Vw_w6qH_VbM2oNUIoFhZyjIQPBACArq5BYERtWGBCsYcJ8LoQRVDS65ATkWbw_j6817w:1vgC59:SNu8NDWiVhRxtG7lJrn0ZKV0tDb3ZYL_zHzSSbf4Bo4	2026-01-15 01:53:27.710867+00
owd04hqmj2ax56dlg2qdnnc1avv7w44e	.eJxVjDsOwjAQBe_iGlneZeW1Kek5g-UvDiBbipMq4u4QKQW0b2beJpxfl-rWkWc3JXERIE6_W_DxmdsO0sO3e5ext2WegtwVedAhbz3l1_Vw_w6qH_VbM2oNUIoFhZyjIQPBACArq5BYERtWGBCsYcJ8LoQRVDS65ATkWbw_j6817w:1vgC8E:dK-2MvfZgy9HN-xeb6dO5sq5bA9IKp5yqlUm5dkZGFU	2026-01-15 01:56:38.444993+00
ilgzgvz9d3xtlzhog898uh29f860nomz	.eJxVjDsOwjAQBe_iGlneZeW1Kek5g-UvDiBbipMq4u4QKQW0b2beJpxfl-rWkWc3JXERIE6_W_DxmdsO0sO3e5ext2WegtwVedAhbz3l1_Vw_w6qH_VbM2oNUIoFhZyjIQPBACArq5BYERtWGBCsYcJ8LoQRVDS65ATkWbw_j6817w:1vga3Q:EGMABmNxrHpfR7NgaxcJXscIAMYLWeuGoCBKpeHh1HY	2026-01-16 03:29:16.112198+00
cttwqpgcx36zktpe443ergmek7zbrom7	.eJxVjDsOwjAQBe_iGlneZeW1Kek5g-UvDiBbipMq4u4QKQW0b2beJpxfl-rWkWc3JXERIE6_W_DxmdsO0sO3e5ext2WegtwVedAhbz3l1_Vw_w6qH_VbM2oNUIoFhZyjIQPBACArq5BYERtWGBCsYcJ8LoQRVDS65ATkWbw_j6817w:1vgc76:NW1gYoPCce_p-wsNwIaVnX-bFMMX12l6NBPHMdQzdTk	2026-01-16 05:41:12.36997+00
\.


--
-- Data for Name: travel_airlinecredit; Type: TABLE DATA; Schema: public; Owner: spmo_admin
--

COPY public.travel_airlinecredit (id, airline, total_credit_limit, current_balance, last_updated) FROM stdin;
1	PAL	1500000.00	0.00	2026-01-17 04:26:40.147801+00
2	CEB	1000000.00	0.00	2026-01-17 04:26:56.958102+00
\.


--
-- Data for Name: travel_bookingrequest; Type: TABLE DATA; Schema: public; Owner: spmo_admin
--

COPY public.travel_bookingrequest (id, email, full_name, employee_id, unit_office, mother_unit, birthday, designation, up_mail, contact_number, admin_officer, purpose, trip_type, destination_details, departure_date, departure_time, return_date, return_time, is_official, airline, seat_class, avail_insurance, baggage_type, special_requests, supervisor_name, supervisor_email, approval_date, remarks, agreed_to_policy, doc_travel_order, doc_itinerary, doc_gov_id, status, created_at, origin, doc_previous_gfa, doc_signed_slip, admin_instructions, booking_reference_no, doc_flight_ticket, doc_voucher, ticket_issued_at, created_by_id, total_amount) FROM stdin;
\.


--
-- Data for Name: travel_userprofile; Type: TABLE DATA; Schema: public; Owner: spmo_admin
--

COPY public.travel_userprofile (id, office, user_id) FROM stdin;
1	\N	1
\.


--
-- Name: auth_group_id_seq; Type: SEQUENCE SET; Schema: public; Owner: spmo_admin
--

SELECT pg_catalog.setval('public.auth_group_id_seq', 1, false);


--
-- Name: auth_group_permissions_id_seq; Type: SEQUENCE SET; Schema: public; Owner: spmo_admin
--

SELECT pg_catalog.setval('public.auth_group_permissions_id_seq', 1, false);


--
-- Name: auth_permission_id_seq; Type: SEQUENCE SET; Schema: public; Owner: spmo_admin
--

SELECT pg_catalog.setval('public.auth_permission_id_seq', 36, true);


--
-- Name: auth_user_groups_id_seq; Type: SEQUENCE SET; Schema: public; Owner: spmo_admin
--

SELECT pg_catalog.setval('public.auth_user_groups_id_seq', 1, false);


--
-- Name: auth_user_id_seq; Type: SEQUENCE SET; Schema: public; Owner: spmo_admin
--

SELECT pg_catalog.setval('public.auth_user_id_seq', 1, true);


--
-- Name: auth_user_user_permissions_id_seq; Type: SEQUENCE SET; Schema: public; Owner: spmo_admin
--

SELECT pg_catalog.setval('public.auth_user_user_permissions_id_seq', 1, false);


--
-- Name: django_admin_log_id_seq; Type: SEQUENCE SET; Schema: public; Owner: spmo_admin
--

SELECT pg_catalog.setval('public.django_admin_log_id_seq', 2, true);


--
-- Name: django_content_type_id_seq; Type: SEQUENCE SET; Schema: public; Owner: spmo_admin
--

SELECT pg_catalog.setval('public.django_content_type_id_seq', 9, true);


--
-- Name: django_migrations_id_seq; Type: SEQUENCE SET; Schema: public; Owner: spmo_admin
--

SELECT pg_catalog.setval('public.django_migrations_id_seq', 28, true);


--
-- Name: travel_airlinecredit_id_seq; Type: SEQUENCE SET; Schema: public; Owner: spmo_admin
--

SELECT pg_catalog.setval('public.travel_airlinecredit_id_seq', 2, true);


--
-- Name: travel_bookingrequest_id_seq; Type: SEQUENCE SET; Schema: public; Owner: spmo_admin
--

SELECT pg_catalog.setval('public.travel_bookingrequest_id_seq', 1, false);


--
-- Name: travel_userprofile_id_seq; Type: SEQUENCE SET; Schema: public; Owner: spmo_admin
--

SELECT pg_catalog.setval('public.travel_userprofile_id_seq', 1, true);


--
-- Name: auth_group auth_group_name_key; Type: CONSTRAINT; Schema: public; Owner: spmo_admin
--

ALTER TABLE ONLY public.auth_group
    ADD CONSTRAINT auth_group_name_key UNIQUE (name);


--
-- Name: auth_group_permissions auth_group_permissions_group_id_permission_id_0cd325b0_uniq; Type: CONSTRAINT; Schema: public; Owner: spmo_admin
--

ALTER TABLE ONLY public.auth_group_permissions
    ADD CONSTRAINT auth_group_permissions_group_id_permission_id_0cd325b0_uniq UNIQUE (group_id, permission_id);


--
-- Name: auth_group_permissions auth_group_permissions_pkey; Type: CONSTRAINT; Schema: public; Owner: spmo_admin
--

ALTER TABLE ONLY public.auth_group_permissions
    ADD CONSTRAINT auth_group_permissions_pkey PRIMARY KEY (id);


--
-- Name: auth_group auth_group_pkey; Type: CONSTRAINT; Schema: public; Owner: spmo_admin
--

ALTER TABLE ONLY public.auth_group
    ADD CONSTRAINT auth_group_pkey PRIMARY KEY (id);


--
-- Name: auth_permission auth_permission_content_type_id_codename_01ab375a_uniq; Type: CONSTRAINT; Schema: public; Owner: spmo_admin
--

ALTER TABLE ONLY public.auth_permission
    ADD CONSTRAINT auth_permission_content_type_id_codename_01ab375a_uniq UNIQUE (content_type_id, codename);


--
-- Name: auth_permission auth_permission_pkey; Type: CONSTRAINT; Schema: public; Owner: spmo_admin
--

ALTER TABLE ONLY public.auth_permission
    ADD CONSTRAINT auth_permission_pkey PRIMARY KEY (id);


--
-- Name: auth_user_groups auth_user_groups_pkey; Type: CONSTRAINT; Schema: public; Owner: spmo_admin
--

ALTER TABLE ONLY public.auth_user_groups
    ADD CONSTRAINT auth_user_groups_pkey PRIMARY KEY (id);


--
-- Name: auth_user_groups auth_user_groups_user_id_group_id_94350c0c_uniq; Type: CONSTRAINT; Schema: public; Owner: spmo_admin
--

ALTER TABLE ONLY public.auth_user_groups
    ADD CONSTRAINT auth_user_groups_user_id_group_id_94350c0c_uniq UNIQUE (user_id, group_id);


--
-- Name: auth_user auth_user_pkey; Type: CONSTRAINT; Schema: public; Owner: spmo_admin
--

ALTER TABLE ONLY public.auth_user
    ADD CONSTRAINT auth_user_pkey PRIMARY KEY (id);


--
-- Name: auth_user_user_permissions auth_user_user_permissions_pkey; Type: CONSTRAINT; Schema: public; Owner: spmo_admin
--

ALTER TABLE ONLY public.auth_user_user_permissions
    ADD CONSTRAINT auth_user_user_permissions_pkey PRIMARY KEY (id);


--
-- Name: auth_user_user_permissions auth_user_user_permissions_user_id_permission_id_14a6b632_uniq; Type: CONSTRAINT; Schema: public; Owner: spmo_admin
--

ALTER TABLE ONLY public.auth_user_user_permissions
    ADD CONSTRAINT auth_user_user_permissions_user_id_permission_id_14a6b632_uniq UNIQUE (user_id, permission_id);


--
-- Name: auth_user auth_user_username_key; Type: CONSTRAINT; Schema: public; Owner: spmo_admin
--

ALTER TABLE ONLY public.auth_user
    ADD CONSTRAINT auth_user_username_key UNIQUE (username);


--
-- Name: django_admin_log django_admin_log_pkey; Type: CONSTRAINT; Schema: public; Owner: spmo_admin
--

ALTER TABLE ONLY public.django_admin_log
    ADD CONSTRAINT django_admin_log_pkey PRIMARY KEY (id);


--
-- Name: django_content_type django_content_type_app_label_model_76bd3d3b_uniq; Type: CONSTRAINT; Schema: public; Owner: spmo_admin
--

ALTER TABLE ONLY public.django_content_type
    ADD CONSTRAINT django_content_type_app_label_model_76bd3d3b_uniq UNIQUE (app_label, model);


--
-- Name: django_content_type django_content_type_pkey; Type: CONSTRAINT; Schema: public; Owner: spmo_admin
--

ALTER TABLE ONLY public.django_content_type
    ADD CONSTRAINT django_content_type_pkey PRIMARY KEY (id);


--
-- Name: django_migrations django_migrations_pkey; Type: CONSTRAINT; Schema: public; Owner: spmo_admin
--

ALTER TABLE ONLY public.django_migrations
    ADD CONSTRAINT django_migrations_pkey PRIMARY KEY (id);


--
-- Name: django_session django_session_pkey; Type: CONSTRAINT; Schema: public; Owner: spmo_admin
--

ALTER TABLE ONLY public.django_session
    ADD CONSTRAINT django_session_pkey PRIMARY KEY (session_key);


--
-- Name: travel_airlinecredit travel_airlinecredit_airline_key; Type: CONSTRAINT; Schema: public; Owner: spmo_admin
--

ALTER TABLE ONLY public.travel_airlinecredit
    ADD CONSTRAINT travel_airlinecredit_airline_key UNIQUE (airline);


--
-- Name: travel_airlinecredit travel_airlinecredit_pkey; Type: CONSTRAINT; Schema: public; Owner: spmo_admin
--

ALTER TABLE ONLY public.travel_airlinecredit
    ADD CONSTRAINT travel_airlinecredit_pkey PRIMARY KEY (id);


--
-- Name: travel_bookingrequest travel_bookingrequest_pkey; Type: CONSTRAINT; Schema: public; Owner: spmo_admin
--

ALTER TABLE ONLY public.travel_bookingrequest
    ADD CONSTRAINT travel_bookingrequest_pkey PRIMARY KEY (id);


--
-- Name: travel_userprofile travel_userprofile_pkey; Type: CONSTRAINT; Schema: public; Owner: spmo_admin
--

ALTER TABLE ONLY public.travel_userprofile
    ADD CONSTRAINT travel_userprofile_pkey PRIMARY KEY (id);


--
-- Name: travel_userprofile travel_userprofile_user_id_key; Type: CONSTRAINT; Schema: public; Owner: spmo_admin
--

ALTER TABLE ONLY public.travel_userprofile
    ADD CONSTRAINT travel_userprofile_user_id_key UNIQUE (user_id);


--
-- Name: auth_group_name_a6ea08ec_like; Type: INDEX; Schema: public; Owner: spmo_admin
--

CREATE INDEX auth_group_name_a6ea08ec_like ON public.auth_group USING btree (name varchar_pattern_ops);


--
-- Name: auth_group_permissions_group_id_b120cbf9; Type: INDEX; Schema: public; Owner: spmo_admin
--

CREATE INDEX auth_group_permissions_group_id_b120cbf9 ON public.auth_group_permissions USING btree (group_id);


--
-- Name: auth_group_permissions_permission_id_84c5c92e; Type: INDEX; Schema: public; Owner: spmo_admin
--

CREATE INDEX auth_group_permissions_permission_id_84c5c92e ON public.auth_group_permissions USING btree (permission_id);


--
-- Name: auth_permission_content_type_id_2f476e4b; Type: INDEX; Schema: public; Owner: spmo_admin
--

CREATE INDEX auth_permission_content_type_id_2f476e4b ON public.auth_permission USING btree (content_type_id);


--
-- Name: auth_user_groups_group_id_97559544; Type: INDEX; Schema: public; Owner: spmo_admin
--

CREATE INDEX auth_user_groups_group_id_97559544 ON public.auth_user_groups USING btree (group_id);


--
-- Name: auth_user_groups_user_id_6a12ed8b; Type: INDEX; Schema: public; Owner: spmo_admin
--

CREATE INDEX auth_user_groups_user_id_6a12ed8b ON public.auth_user_groups USING btree (user_id);


--
-- Name: auth_user_user_permissions_permission_id_1fbb5f2c; Type: INDEX; Schema: public; Owner: spmo_admin
--

CREATE INDEX auth_user_user_permissions_permission_id_1fbb5f2c ON public.auth_user_user_permissions USING btree (permission_id);


--
-- Name: auth_user_user_permissions_user_id_a95ead1b; Type: INDEX; Schema: public; Owner: spmo_admin
--

CREATE INDEX auth_user_user_permissions_user_id_a95ead1b ON public.auth_user_user_permissions USING btree (user_id);


--
-- Name: auth_user_username_6821ab7c_like; Type: INDEX; Schema: public; Owner: spmo_admin
--

CREATE INDEX auth_user_username_6821ab7c_like ON public.auth_user USING btree (username varchar_pattern_ops);


--
-- Name: django_admin_log_content_type_id_c4bce8eb; Type: INDEX; Schema: public; Owner: spmo_admin
--

CREATE INDEX django_admin_log_content_type_id_c4bce8eb ON public.django_admin_log USING btree (content_type_id);


--
-- Name: django_admin_log_user_id_c564eba6; Type: INDEX; Schema: public; Owner: spmo_admin
--

CREATE INDEX django_admin_log_user_id_c564eba6 ON public.django_admin_log USING btree (user_id);


--
-- Name: django_session_expire_date_a5c62663; Type: INDEX; Schema: public; Owner: spmo_admin
--

CREATE INDEX django_session_expire_date_a5c62663 ON public.django_session USING btree (expire_date);


--
-- Name: django_session_session_key_c0390e0f_like; Type: INDEX; Schema: public; Owner: spmo_admin
--

CREATE INDEX django_session_session_key_c0390e0f_like ON public.django_session USING btree (session_key varchar_pattern_ops);


--
-- Name: travel_airlinecredit_airline_f5bfe942_like; Type: INDEX; Schema: public; Owner: spmo_admin
--

CREATE INDEX travel_airlinecredit_airline_f5bfe942_like ON public.travel_airlinecredit USING btree (airline varchar_pattern_ops);


--
-- Name: travel_bookingrequest_created_by_id_eb4ed0c1; Type: INDEX; Schema: public; Owner: spmo_admin
--

CREATE INDEX travel_bookingrequest_created_by_id_eb4ed0c1 ON public.travel_bookingrequest USING btree (created_by_id);


--
-- Name: auth_group_permissions auth_group_permissio_permission_id_84c5c92e_fk_auth_perm; Type: FK CONSTRAINT; Schema: public; Owner: spmo_admin
--

ALTER TABLE ONLY public.auth_group_permissions
    ADD CONSTRAINT auth_group_permissio_permission_id_84c5c92e_fk_auth_perm FOREIGN KEY (permission_id) REFERENCES public.auth_permission(id) DEFERRABLE INITIALLY DEFERRED;


--
-- Name: auth_group_permissions auth_group_permissions_group_id_b120cbf9_fk_auth_group_id; Type: FK CONSTRAINT; Schema: public; Owner: spmo_admin
--

ALTER TABLE ONLY public.auth_group_permissions
    ADD CONSTRAINT auth_group_permissions_group_id_b120cbf9_fk_auth_group_id FOREIGN KEY (group_id) REFERENCES public.auth_group(id) DEFERRABLE INITIALLY DEFERRED;


--
-- Name: auth_permission auth_permission_content_type_id_2f476e4b_fk_django_co; Type: FK CONSTRAINT; Schema: public; Owner: spmo_admin
--

ALTER TABLE ONLY public.auth_permission
    ADD CONSTRAINT auth_permission_content_type_id_2f476e4b_fk_django_co FOREIGN KEY (content_type_id) REFERENCES public.django_content_type(id) DEFERRABLE INITIALLY DEFERRED;


--
-- Name: auth_user_groups auth_user_groups_group_id_97559544_fk_auth_group_id; Type: FK CONSTRAINT; Schema: public; Owner: spmo_admin
--

ALTER TABLE ONLY public.auth_user_groups
    ADD CONSTRAINT auth_user_groups_group_id_97559544_fk_auth_group_id FOREIGN KEY (group_id) REFERENCES public.auth_group(id) DEFERRABLE INITIALLY DEFERRED;


--
-- Name: auth_user_groups auth_user_groups_user_id_6a12ed8b_fk_auth_user_id; Type: FK CONSTRAINT; Schema: public; Owner: spmo_admin
--

ALTER TABLE ONLY public.auth_user_groups
    ADD CONSTRAINT auth_user_groups_user_id_6a12ed8b_fk_auth_user_id FOREIGN KEY (user_id) REFERENCES public.auth_user(id) DEFERRABLE INITIALLY DEFERRED;


--
-- Name: auth_user_user_permissions auth_user_user_permi_permission_id_1fbb5f2c_fk_auth_perm; Type: FK CONSTRAINT; Schema: public; Owner: spmo_admin
--

ALTER TABLE ONLY public.auth_user_user_permissions
    ADD CONSTRAINT auth_user_user_permi_permission_id_1fbb5f2c_fk_auth_perm FOREIGN KEY (permission_id) REFERENCES public.auth_permission(id) DEFERRABLE INITIALLY DEFERRED;


--
-- Name: auth_user_user_permissions auth_user_user_permissions_user_id_a95ead1b_fk_auth_user_id; Type: FK CONSTRAINT; Schema: public; Owner: spmo_admin
--

ALTER TABLE ONLY public.auth_user_user_permissions
    ADD CONSTRAINT auth_user_user_permissions_user_id_a95ead1b_fk_auth_user_id FOREIGN KEY (user_id) REFERENCES public.auth_user(id) DEFERRABLE INITIALLY DEFERRED;


--
-- Name: django_admin_log django_admin_log_content_type_id_c4bce8eb_fk_django_co; Type: FK CONSTRAINT; Schema: public; Owner: spmo_admin
--

ALTER TABLE ONLY public.django_admin_log
    ADD CONSTRAINT django_admin_log_content_type_id_c4bce8eb_fk_django_co FOREIGN KEY (content_type_id) REFERENCES public.django_content_type(id) DEFERRABLE INITIALLY DEFERRED;


--
-- Name: django_admin_log django_admin_log_user_id_c564eba6_fk_auth_user_id; Type: FK CONSTRAINT; Schema: public; Owner: spmo_admin
--

ALTER TABLE ONLY public.django_admin_log
    ADD CONSTRAINT django_admin_log_user_id_c564eba6_fk_auth_user_id FOREIGN KEY (user_id) REFERENCES public.auth_user(id) DEFERRABLE INITIALLY DEFERRED;


--
-- Name: travel_bookingrequest travel_bookingrequest_created_by_id_eb4ed0c1_fk_auth_user_id; Type: FK CONSTRAINT; Schema: public; Owner: spmo_admin
--

ALTER TABLE ONLY public.travel_bookingrequest
    ADD CONSTRAINT travel_bookingrequest_created_by_id_eb4ed0c1_fk_auth_user_id FOREIGN KEY (created_by_id) REFERENCES public.auth_user(id) DEFERRABLE INITIALLY DEFERRED;


--
-- Name: travel_userprofile travel_userprofile_user_id_3b8d178d_fk_auth_user_id; Type: FK CONSTRAINT; Schema: public; Owner: spmo_admin
--

ALTER TABLE ONLY public.travel_userprofile
    ADD CONSTRAINT travel_userprofile_user_id_3b8d178d_fk_auth_user_id FOREIGN KEY (user_id) REFERENCES public.auth_user(id) DEFERRABLE INITIALLY DEFERRED;


--
-- PostgreSQL database dump complete
--

\unrestrict PW5kfOLs7bxJR41iPcLrNejUSOGmUFh3jUzWMoEjMl6TptCO28PNkWboe7HQxs3

